argo_profile_id,wmo_float_id,argo_timestamp,model_date,time_difference_hours,latitude,longitude,grid_latitude,grid_longitude,grid_distance_km,depth,observed_temperature,oceanembed_prediction,cnn_prediction,mlp_prediction,climatology_prediction
20200901_prof.nc_3,5057485049555232,2020-09-01 22:37:37,2020-09-01,10.63,14.229,72.789,14.25,72.75,4.81,5,28.5215,30.1186,28.6891,28.4359,28.1
20200901_prof.nc_3,5057485049555232,2020-09-01 22:37:37,2020-09-01,10.63,14.229,72.789,14.25,72.75,4.81,10,28.525,29.9057,28.6112,28.5,27.9
20200901_prof.nc_3,5057485049555232,2020-09-01 22:37:37,2020-09-01,10.63,14.229,72.789,14.25,72.75,4.81,20,28.5048,29.5494,28.4266,28.2295,27.5
20200901_prof.nc_3,5057485049555232,2020-09-01 22:37:37,2020-09-01,10.63,14.229,72.789,14.25,72.75,4.81,30,28.4578,29.3005,28.2206,27.8549,26.8
20200901_prof.nc_3,5057485049555232,2020-09-01 22:37:37,2020-09-01,10.63,14.229,72.789,14.25,72.75,4.81,50,28.115,27.4202,27.1887,26.8066,25.0
20200901_prof.nc_3,5057485049555232,2020-09-01 22:37:37,2020-09-01,10.63,14.229,72.789,14.25,72.75,4.81,75,24.5729,23.3029,25.7172,25.3211,22.5
20200901_prof.nc_3,5057485049555232,2020-09-01 22:37:37,2020-09-01,10.63,14.229,72.789,14.25,72.75,4.81,100,21.03,19.6657,23.5065,23.6244,19.8
20200901_prof.nc_3,5057485049555232,2020-09-01 22:37:37,2020-09-01,10.63,14.229,72.789,14.25,72.75,4.81,125,18.6985,17.1612,21.1101,21.2311,17.2
20200901_prof.nc_3,5057485049555232,2020-09-01 22:37:37,2020-09-01,10.63,14.229,72.789,14.25,72.75,4.81,150,16.876,15.8441,18.8049,19.0598,15.1
20200901_prof.nc_3,5057485049555232,2020-09-01 22:37:37,2020-09-01,10.63,14.229,72.789,14.25,72.75,4.81,200,15.025,14.5472,15.9769,16.3706,13.0
20200901_prof.nc_3,5057485049555232,2020-09-01 22:37:37,2020-09-01,10.63,14.229,72.789,14.25,72.75,4.81,300,12.789,12.5475,13.3278,13.7845,10.5
20200901_prof.nc_3,5057485049555232,2020-09-01 22:37:37,2020-09-01,10.63,14.229,72.789,14.25,72.75,4.81,500,11.583,11.2189,11.7801,11.969,8.4
20200901_prof.nc_3,5057485049555232,2020-09-01 22:37:37,2020-09-01,10.63,14.229,72.789,14.25,72.75,4.81,700,10.354,9.9418,10.2456,10.4286,7.0
20200901_prof.nc_3,5057485049555232,2020-09-01 22:37:37,2020-09-01,10.63,14.229,72.789,14.25,72.75,4.81,1000,7.808,9.0224,8.112,8.3016,5.2
20200901_prof.nc_25,5357485348565132,2020-09-01 17:52:43,2020-09-01,5.88,10.397,67.31,10.5,67.25,13.2,5,28.9,30.007,28.3383,28.4782,28.1
20200901_prof.nc_25,5357485348565132,2020-09-01 17:52:43,2020-09-01,5.88,10.397,67.31,10.5,67.25,13.2,10,28.8993,29.7725,28.424,28.5176,27.9
20200901_prof.nc_25,5357485348565132,2020-09-01 17:52:43,2020-09-01,5.88,10.397,67.31,10.5,67.25,13.2,20,28.903,29.5588,28.1332,28.3036,27.5
20200901_prof.nc_25,5357485348565132,2020-09-01 17:52:43,2020-09-01,5.88,10.397,67.31,10.5,67.25,13.2,30,28.885,29.3313,27.9387,27.9659,26.8
20200901_prof.nc_25,5357485348565132,2020-09-01 17:52:43,2020-09-01,5.88,10.397,67.31,10.5,67.25,13.2,50,28.432,27.9773,27.1429,26.9737,25.0
20200901_prof.nc_25,5357485348565132,2020-09-01 17:52:43,2020-09-01,5.88,10.397,67.31,10.5,67.25,13.2,75,27.895,25.1102,26.2727,25.8966,22.5
20200901_prof.nc_25,5357485348565132,2020-09-01 17:52:43,2020-09-01,5.88,10.397,67.31,10.5,67.25,13.2,100,24.591,21.8196,24.6491,24.5686,19.8
20200901_prof.nc_25,5357485348565132,2020-09-01 17:52:43,2020-09-01,5.88,10.397,67.31,10.5,67.25,13.2,125,21.7515,18.896,22.5436,22.3725,17.2
20200901_prof.nc_25,5357485348565132,2020-09-01 17:52:43,2020-09-01,5.88,10.397,67.31,10.5,67.25,13.2,150,18.665,17.074,20.2203,20.2119,15.1
20200901_prof.nc_25,5357485348565132,2020-09-01 17:52:43,2020-09-01,5.88,10.397,67.31,10.5,67.25,13.2,200,15.758,14.7992,17.0798,17.224,13.0
20200901_prof.nc_25,5357485348565132,2020-09-01 17:52:43,2020-09-01,5.88,10.397,67.31,10.5,67.25,13.2,300,13.135,12.5693,14.1245,14.3602,10.5
20200901_prof.nc_25,5357485348565132,2020-09-01 17:52:43,2020-09-01,5.88,10.397,67.31,10.5,67.25,13.2,500,11.276,11.4893,12.1949,12.3028,8.4
20200901_prof.nc_25,5357485348565132,2020-09-01 17:52:43,2020-09-01,5.88,10.397,67.31,10.5,67.25,13.2,700,9.605,10.2546,10.5916,10.6565,7.0
20200901_prof.nc_25,5357485348565132,2020-09-01 17:52:43,2020-09-01,5.88,10.397,67.31,10.5,67.25,13.2,1000,7.3075,9.217,8.4292,8.5216,5.2
20200901_prof.nc_28,5057485050545232,2020-09-01 17:22:00,2020-09-01,5.37,10.8348,88.5581,10.75,88.5,11.36,10,29.882,30.2149,29.5042,29.7481,27.9
20200901_prof.nc_28,5057485050545232,2020-09-01 17:22:00,2020-09-01,5.37,10.8348,88.5581,10.75,88.5,11.36,20,29.7873,29.902,29.4667,29.7571,27.5
20200901_prof.nc_28,5057485050545232,2020-09-01 17:22:00,2020-09-01,5.37,10.8348,88.5581,10.75,88.5,11.36,30,29.509,29.7473,29.4368,29.685,26.8
20200901_prof.nc_28,5057485050545232,2020-09-01 17:22:00,2020-09-01,5.37,10.8348,88.5581,10.75,88.5,11.36,50,29.1785,28.3662,29.2204,29.3512,25.0
20200901_prof.nc_28,5057485050545232,2020-09-01 17:22:00,2020-09-01,5.37,10.8348,88.5581,10.75,88.5,11.36,75,28.349,25.127,27.9106,27.9985,22.5
20200901_prof.nc_28,5057485050545232,2020-09-01 17:22:00,2020-09-01,5.37,10.8348,88.5581,10.75,88.5,11.36,100,25.105,21.5308,25.1197,25.4837,19.8
20200901_prof.nc_28,5057485050545232,2020-09-01 17:22:00,2020-09-01,5.37,10.8348,88.5581,10.75,88.5,11.36,125,20.7285,18.7398,21.8097,22.1087,17.2
20200901_prof.nc_28,5057485050545232,2020-09-01 17:22:00,2020-09-01,5.37,10.8348,88.5581,10.75,88.5,11.36,150,17.7481,16.7022,18.8113,19.0114,15.1
20200901_prof.nc_28,5057485050545232,2020-09-01 17:22:00,2020-09-01,5.37,10.8348,88.5581,10.75,88.5,11.36,200,15.3105,14.5451,15.0349,15.1218,13.0
20200901_prof.nc_28,5057485050545232,2020-09-01 17:22:00,2020-09-01,5.37,10.8348,88.5581,10.75,88.5,11.36,300,12.4721,12.1448,12.1674,11.9503,10.5
20200901_prof.nc_28,5057485050545232,2020-09-01 17:22:00,2020-09-01,5.37,10.8348,88.5581,10.75,88.5,11.36,500,10.2059,10.5497,10.2433,10.186,8.4
20200901_prof.nc_28,5057485050545232,2020-09-01 17:22:00,2020-09-01,5.37,10.8348,88.5581,10.75,88.5,11.36,700,8.57,9.1989,8.6621,8.7206,7.0
20200901_prof.nc_28,5057485050545232,2020-09-01 17:22:00,2020-09-01,5.37,10.8348,88.5581,10.75,88.5,11.36,1000,6.4903,8.072,6.85,6.9406,5.2
20200901_prof.nc_40,5457485057525632,2020-09-01 16:04:30,2020-09-01,4.08,16.7226,53.5626,16.75,53.5,7.33,5,21.7805,26.8638,24.8577,28.4972,28.1
20200901_prof.nc_40,5457485057525632,2020-09-01 16:04:30,2020-09-01,4.08,16.7226,53.5626,16.75,53.5,7.33,10,20.61,26.3997,24.8508,28.3893,27.9
20200901_prof.nc_40,5457485057525632,2020-09-01 16:04:30,2020-09-01,4.08,16.7226,53.5626,16.75,53.5,7.33,20,19.6409,25.7654,24.3409,27.9553,27.5
20200901_prof.nc_40,5457485057525632,2020-09-01 16:04:30,2020-09-01,4.08,16.7226,53.5626,16.75,53.5,7.33,30,18.9987,24.983,23.9273,26.9817,26.8
20200901_prof.nc_40,5457485057525632,2020-09-01 16:04:30,2020-09-01,4.08,16.7226,53.5626,16.75,53.5,7.33,50,18.0423,22.3218,22.6073,24.7351,25.0
20200901_prof.nc_40,5457485057525632,2020-09-01 16:04:30,2020-09-01,4.08,16.7226,53.5626,16.75,53.5,7.33,75,17.1263,19.2795,21.4778,21.5778,22.5
20200901_prof.nc_40,5457485057525632,2020-09-01 16:04:30,2020-09-01,4.08,16.7226,53.5626,16.75,53.5,7.33,100,16.7455,16.7715,19.8352,18.7666,19.8
20200901_prof.nc_40,5457485057525632,2020-09-01 16:04:30,2020-09-01,4.08,16.7226,53.5626,16.75,53.5,7.33,125,16.333,14.5553,19.0497,16.4891,17.2
20200901_prof.nc_40,5457485057525632,2020-09-01 16:04:30,2020-09-01,4.08,16.7226,53.5626,16.75,53.5,7.33,150,16.0257,13.0395,18.0247,14.9999,15.1
20200901_prof.nc_40,5457485057525632,2020-09-01 16:04:30,2020-09-01,4.08,16.7226,53.5626,16.75,53.5,7.33,200,15.1919,11.9275,16.7715,13.5726,13.0
20200901_prof.nc_40,5457485057525632,2020-09-01 16:04:30,2020-09-01,4.08,16.7226,53.5626,16.75,53.5,7.33,300,13.9537,10.1151,14.1851,11.6271,10.5
20200901_prof.nc_40,5457485057525632,2020-09-01 16:04:30,2020-09-01,4.08,16.7226,53.5626,16.75,53.5,7.33,500,12.6866,11.0387,11.4918,9.4979,8.4
20200901_prof.nc_44,5057484956535632,2020-09-01 14:55:39,2020-09-01,2.93,12.894,71.776,13.0,71.75,12.12,5,28.669,30.2556,28.7151,28.5257,28.1
20200901_prof.nc_44,5057484956535632,2020-09-01 14:55:39,2020-09-01,2.93,12.894,71.776,13.0,71.75,12.12,10,28.6652,30.0563,28.6821,28.6369,27.9
20200901_prof.nc_44,5057484956535632,2020-09-01 14:55:39,2020-09-01,2.93,12.894,71.776,13.0,71.75,12.12,20,28.6089,29.7159,28.6205,28.5091,27.5
20200901_prof.nc_44,5057484956535632,2020-09-01 14:55:39,2020-09-01,2.93,12.894,71.776,13.0,71.75,12.12,30,28.5443,29.4556,28.6191,28.3407,26.8
20200901_prof.nc_44,5057484956535632,2020-09-01 14:55:39,2020-09-01,2.93,12.894,71.776,13.0,71.75,12.12,50,28.304,28.0194,28.0433,27.611,25.0
20200901_prof.nc_44,5057484956535632,2020-09-01 14:55:39,2020-09-01,2.93,12.894,71.776,13.0,71.75,12.12,75,25.4253,24.7337,26.9339,26.4179,22.5
20200901_prof.nc_44,5057484956535632,2020-09-01 14:55:39,2020-09-01,2.93,12.894,71.776,13.0,71.75,12.12,100,20.9073,21.0175,24.7968,24.6797,19.8
20200901_prof.nc_44,5057484956535632,2020-09-01 14:55:39,2020-09-01,2.93,12.894,71.776,13.0,71.75,12.12,125,19.0097,18.2707,21.9946,21.9706,17.2
20200901_prof.nc_44,5057484956535632,2020-09-01 14:55:39,2020-09-01,2.93,12.894,71.776,13.0,71.75,12.12,150,17.1529,16.6354,19.251,19.4555,15.1
20200901_prof.nc_44,5057484956535632,2020-09-01 14:55:39,2020-09-01,2.93,12.894,71.776,13.0,71.75,12.12,200,14.9553,14.7805,15.8898,16.262,13.0
20200901_prof.nc_44,5057484956535632,2020-09-01 14:55:39,2020-09-01,2.93,12.894,71.776,13.0,71.75,12.12,300,12.9099,12.6726,13.0717,13.4869,10.5
20200901_prof.nc_44,5057484956535632,2020-09-01 14:55:39,2020-09-01,2.93,12.894,71.776,13.0,71.75,12.12,500,11.3027,11.4455,11.522,11.6794,8.4
20200901_prof.nc_44,5057484956535632,2020-09-01 14:55:39,2020-09-01,2.93,12.894,71.776,13.0,71.75,12.12,700,10.2337,10.2065,10.0842,10.1307,7.0
20200901_prof.nc_44,5057484956535632,2020-09-01 14:55:39,2020-09-01,2.93,12.894,71.776,13.0,71.75,12.12,1000,7.8199,9.237,7.9648,8.1035,5.2
20200901_prof.nc_45,5457485057525132,2020-09-01 14:47:30,2020-09-01,2.79,12.7059,63.5712,12.75,63.5,9.15,5,27.2077,28.8661,27.1036,26.9376,28.1
20200901_prof.nc_45,5457485057525132,2020-09-01 14:47:30,2020-09-01,2.79,12.7059,63.5712,12.75,63.5,9.15,10,27.0456,28.6293,27.0854,26.9204,27.9
20200901_prof.nc_45,5457485057525132,2020-09-01 14:47:30,2020-09-01,2.79,12.7059,63.5712,12.75,63.5,9.15,20,26.8446,28.4221,26.7485,26.8773,27.5
20200901_prof.nc_45,5457485057525132,2020-09-01 14:47:30,2020-09-01,2.79,12.7059,63.5712,12.75,63.5,9.15,30,26.8165,28.2096,26.6917,26.6976,26.8
20200901_prof.nc_45,5457485057525132,2020-09-01 14:47:30,2020-09-01,2.79,12.7059,63.5712,12.75,63.5,9.15,50,26.6686,26.8703,26.4785,26.2134,25.0
20200901_prof.nc_45,5457485057525132,2020-09-01 14:47:30,2020-09-01,2.79,12.7059,63.5712,12.75,63.5,9.15,75,26.5273,24.2927,25.9988,25.4747,22.5
20200901_prof.nc_45,5457485057525132,2020-09-01 14:47:30,2020-09-01,2.79,12.7059,63.5712,12.75,63.5,9.15,100,26.1966,21.1278,24.6511,24.4545,19.8
20200901_prof.nc_45,5457485057525132,2020-09-01 14:47:30,2020-09-01,2.79,12.7059,63.5712,12.75,63.5,9.15,125,23.1101,18.605,23.0324,22.9093,17.2
20200901_prof.nc_45,5457485057525132,2020-09-01 14:47:30,2020-09-01,2.79,12.7059,63.5712,12.75,63.5,9.15,150,20.7564,17.1673,21.0895,21.1541,15.1
20200901_prof.nc_45,5457485057525132,2020-09-01 14:47:30,2020-09-01,2.79,12.7059,63.5712,12.75,63.5,9.15,200,17.8846,15.1901,17.7764,18.2095,13.0
20200901_prof.nc_45,5457485057525132,2020-09-01 14:47:30,2020-09-01,2.79,12.7059,63.5712,12.75,63.5,9.15,300,14.7268,12.7239,14.634,15.1211,10.5
20200901_prof.nc_45,5457485057525132,2020-09-01 14:47:30,2020-09-01,2.79,12.7059,63.5712,12.75,63.5,9.15,500,12.314,11.9657,12.4697,12.5845,8.4
20200901_prof.nc_45,5457485057525132,2020-09-01 14:47:30,2020-09-01,2.79,12.7059,63.5712,12.75,63.5,9.15,700,11.0352,10.7216,10.8485,11.0957,7.0
20200901_prof.nc_45,5457485057525132,2020-09-01 14:47:30,2020-09-01,2.79,12.7059,63.5712,12.75,63.5,9.15,1000,8.4096,9.7942,8.673,8.7803,5.2
20200901_prof.nc_46,5457485057525532,2020-09-01 14:45:30,2020-09-01,2.76,13.9534,55.002,14.0,55.0,5.19,5,26.3876,27.9528,26.2156,26.1934,28.1
20200901_prof.nc_46,5457485057525532,2020-09-01 14:45:30,2020-09-01,2.76,13.9534,55.002,14.0,55.0,5.19,10,26.273,27.7221,26.3303,26.1334,27.9
20200901_prof.nc_46,5457485057525532,2020-09-01 14:45:30,2020-09-01,2.76,13.9534,55.002,14.0,55.0,5.19,20,26.1669,27.4715,25.8436,26.0454,27.5
20200901_prof.nc_46,5457485057525532,2020-09-01 14:45:30,2020-09-01,2.76,13.9534,55.002,14.0,55.0,5.19,30,26.1618,27.1391,25.5146,25.779,26.8
20200901_prof.nc_46,5457485057525532,2020-09-01 14:45:30,2020-09-01,2.76,13.9534,55.002,14.0,55.0,5.19,50,25.69,24.894,25.1363,25.203,25.0
20200901_prof.nc_46,5457485057525532,2020-09-01 14:45:30,2020-09-01,2.76,13.9534,55.002,14.0,55.0,5.19,75,25.5035,22.1906,23.9769,24.6349,22.5
20200901_prof.nc_46,5457485057525532,2020-09-01 14:45:30,2020-09-01,2.76,13.9534,55.002,14.0,55.0,5.19,100,24.965,19.309,23.0938,24.0311,19.8
20200901_prof.nc_46,5457485057525532,2020-09-01 14:45:30,2020-09-01,2.76,13.9534,55.002,14.0,55.0,5.19,125,24.5932,17.0513,22.0395,23.0793,17.2
20200901_prof.nc_46,5457485057525532,2020-09-01 14:45:30,2020-09-01,2.76,13.9534,55.002,14.0,55.0,5.19,150,22.0703,15.9464,20.6362,21.8642,15.1
20200901_prof.nc_46,5457485057525532,2020-09-01 14:45:30,2020-09-01,2.76,13.9534,55.002,14.0,55.0,5.19,200,16.2387,14.9995,18.4628,19.0046,13.0
20200901_prof.nc_46,5457485057525532,2020-09-01 14:45:30,2020-09-01,2.76,13.9534,55.002,14.0,55.0,5.19,300,15.0063,13.1432,15.456,15.908,10.5
20200901_prof.nc_46,5457485057525532,2020-09-01 14:45:30,2020-09-01,2.76,13.9534,55.002,14.0,55.0,5.19,500,13.8972,12.0459,13.0408,13.0251,8.4
20200901_prof.nc_46,5457485057525532,2020-09-01 14:45:30,2020-09-01,2.76,13.9534,55.002,14.0,55.0,5.19,700,11.227,10.7765,11.7716,11.6413,7.0
20200901_prof.nc_46,5457485057525532,2020-09-01 14:45:30,2020-09-01,2.76,13.9534,55.002,14.0,55.0,5.19,1000,9.3496,9.8992,9.3092,9.2385,5.2
20200901_prof.nc_47,5057485050555632,2020-09-01 14:40:11,2020-09-01,2.67,16.778,92.446,16.75,92.5,6.54,5,29.653,30.6565,29.4718,29.6521,28.1
20200901_prof.nc_47,5057485050555632,2020-09-01 14:40:11,2020-09-01,2.67,16.778,92.446,16.75,92.5,6.54,10,29.397,30.4497,29.5109,29.66,27.9
20200901_prof.nc_47,5057485050555632,2020-09-01 14:40:11,2020-09-01,2.67,16.778,92.446,16.75,92.5,6.54,20,29.2075,30.1164,29.5434,29.6155,27.5
20200901_prof.nc_47,5057485050555632,2020-09-01 14:40:11,2020-09-01,2.67,16.778,92.446,16.75,92.5,6.54,30,29.105,29.8031,29.4926,29.5345,26.8
20200901_prof.nc_47,5057485050555632,2020-09-01 14:40:11,2020-09-01,2.67,16.778,92.446,16.75,92.5,6.54,50,28.8264,28.3314,28.9771,28.7532,25.0
20200901_prof.nc_47,5057485050555632,2020-09-01 14:40:11,2020-09-01,2.67,16.778,92.446,16.75,92.5,6.54,75,26.037,25.1627,26.9187,26.5558,22.5
20200901_prof.nc_47,5057485050555632,2020-09-01 14:40:11,2020-09-01,2.67,16.778,92.446,16.75,92.5,6.54,100,23.1365,21.5464,23.9073,23.3702,19.8
20200901_prof.nc_47,5057485050555632,2020-09-01 14:40:11,2020-09-01,2.67,16.778,92.446,16.75,92.5,6.54,125,20.528,18.7209,20.8267,20.1597,17.2
20200901_prof.nc_47,5057485050555632,2020-09-01 14:40:11,2020-09-01,2.67,16.778,92.446,16.75,92.5,6.54,150,18.0779,16.6772,18.153,17.5179,15.1
20200901_prof.nc_47,5057485050555632,2020-09-01 14:40:11,2020-09-01,2.67,16.778,92.446,16.75,92.5,6.54,200,14.9376,14.2976,14.6287,14.263,13.0
20200901_prof.nc_47,5057485050555632,2020-09-01 14:40:11,2020-09-01,2.67,16.778,92.446,16.75,92.5,6.54,300,12.0302,11.7932,11.8523,11.5807,10.5
20200901_prof.nc_47,5057485050555632,2020-09-01 14:40:11,2020-09-01,2.67,16.778,92.446,16.75,92.5,6.54,500,10.1548,10.173,10.0063,9.8667,8.4
20200901_prof.nc_47,5057485050555632,2020-09-01 14:40:11,2020-09-01,2.67,16.778,92.446,16.75,92.5,6.54,700,8.62,8.8011,8.426,8.2627,7.0
20200901_prof.nc_47,5057485050555632,2020-09-01 14:40:11,2020-09-01,2.67,16.778,92.446,16.75,92.5,6.54,1000,6.707,7.5744,6.621,6.5022,5.2
20200901_prof.nc_49,5057485050555732,2020-09-01 14:07:10.000000256,2020-09-01,2.12,16.832,92.195,16.75,92.25,10.84,5,29.667,30.6487,29.475,29.6443,28.1
20200901_prof.nc_49,5057485050555732,2020-09-01 14:07:10.000000256,2020-09-01,2.12,16.832,92.195,16.75,92.25,10.84,10,29.303,30.4441,29.5123,29.6536,27.9
20200901_prof.nc_49,5057485050555732,2020-09-01 14:07:10.000000256,2020-09-01,2.12,16.832,92.195,16.75,92.25,10.84,20,29.084,30.1041,29.539,29.6201,27.5
20200901_prof.nc_49,5057485050555732,2020-09-01 14:07:10.000000256,2020-09-01,2.12,16.832,92.195,16.75,92.25,10.84,30,29.0302,29.7809,29.4855,29.5476,26.8
20200901_prof.nc_49,5057485050555732,2020-09-01 14:07:10.000000256,2020-09-01,2.12,16.832,92.195,16.75,92.25,10.84,50,28.9936,28.3174,28.9445,28.8041,25.0
20200901_prof.nc_49,5057485050555732,2020-09-01 14:07:10.000000256,2020-09-01,2.12,16.832,92.195,16.75,92.25,10.84,75,26.569,25.1738,26.8293,26.6364,22.5
20200901_prof.nc_49,5057485050555732,2020-09-01 14:07:10.000000256,2020-09-01,2.12,16.832,92.195,16.75,92.25,10.84,100,23.0502,21.5486,23.7836,23.4772,19.8
20200901_prof.nc_49,5057485050555732,2020-09-01 14:07:10.000000256,2020-09-01,2.12,16.832,92.195,16.75,92.25,10.84,125,20.365,18.7045,20.6907,20.2358,17.2
20200901_prof.nc_49,5057485050555732,2020-09-01 14:07:10.000000256,2020-09-01,2.12,16.832,92.195,16.75,92.25,10.84,150,17.7633,16.66,18.0331,17.5656,15.1
20200901_prof.nc_49,5057485050555732,2020-09-01 14:07:10.000000256,2020-09-01,2.12,16.832,92.195,16.75,92.25,10.84,200,14.5006,14.2749,14.5634,14.2906,13.0
20200901_prof.nc_49,5057485050555732,2020-09-01 14:07:10.000000256,2020-09-01,2.12,16.832,92.195,16.75,92.25,10.84,300,11.895,11.7629,11.8496,11.5977,10.5
20200901_prof.nc_49,5057485050555732,2020-09-01 14:07:10.000000256,2020-09-01,2.12,16.832,92.195,16.75,92.25,10.84,500,10.0592,10.1515,9.9982,9.8865,8.4
20200901_prof.nc_49,5057485050555732,2020-09-01 14:07:10.000000256,2020-09-01,2.12,16.832,92.195,16.75,92.25,10.84,700,8.6053,8.7774,8.4119,8.275,7.0
20200901_prof.nc_49,5057485050555732,2020-09-01 14:07:10.000000256,2020-09-01,2.12,16.832,92.195,16.75,92.25,10.84,1000,6.6618,7.5616,6.6134,6.5232,5.2
20200901_prof.nc_65,5057484956535432,2020-09-01 10:42:52,2020-09-01,1.29,13.357,69.698,13.25,69.75,13.16,5,28.3953,29.8678,28.2209,28.0272,28.1
20200901_prof.nc_65,5057484956535432,2020-09-01 10:42:52,2020-09-01,1.29,13.357,69.698,13.25,69.75,13.16,10,28.263,29.6732,28.3039,28.1188,27.9
20200901_prof.nc_65,5057484956535432,2020-09-01 10:42:52,2020-09-01,1.29,13.357,69.698,13.25,69.75,13.16,20,28.169,29.403,28.0023,28.0282,27.5
20200901_prof.nc_65,5057484956535432,2020-09-01 10:42:52,2020-09-01,1.29,13.357,69.698,13.25,69.75,13.16,30,28.152,29.1877,27.958,27.8816,26.8
20200901_prof.nc_65,5057484956535432,2020-09-01 10:42:52,2020-09-01,1.29,13.357,69.698,13.25,69.75,13.16,50,28.126,27.768,27.4511,27.2048,25.0
20200901_prof.nc_65,5057484956535432,2020-09-01 10:42:52,2020-09-01,1.29,13.357,69.698,13.25,69.75,13.16,75,27.7885,24.7676,26.6878,26.2738,22.5
20200901_prof.nc_65,5057484956535432,2020-09-01 10:42:52,2020-09-01,1.29,13.357,69.698,13.25,69.75,13.16,100,24.597,21.2489,24.9908,24.9374,19.8
20200901_prof.nc_65,5057484956535432,2020-09-01 10:42:52,2020-09-01,1.29,13.357,69.698,13.25,69.75,13.16,125,22.695,18.4277,22.758,22.6063,17.2
20200901_prof.nc_65,5057484956535432,2020-09-01 10:42:52,2020-09-01,1.29,13.357,69.698,13.25,69.75,13.16,150,19.854,16.814,20.3267,20.3099,15.1
20200901_prof.nc_65,5057484956535432,2020-09-01 10:42:52,2020-09-01,1.29,13.357,69.698,13.25,69.75,13.16,200,16.611,14.8446,16.9722,17.097,13.0
20200901_prof.nc_65,5057484956535432,2020-09-01 10:42:52,2020-09-01,1.29,13.357,69.698,13.25,69.75,13.16,300,13.748,12.5986,13.8515,14.1891,10.5
20200901_prof.nc_65,5057484956535432,2020-09-01 10:42:52,2020-09-01,1.29,13.357,69.698,13.25,69.75,13.16,500,11.674,11.5487,12.0498,12.1809,8.4
20200901_prof.nc_65,5057484956535432,2020-09-01 10:42:52,2020-09-01,1.29,13.357,69.698,13.25,69.75,13.16,700,10.115,10.334,10.4664,10.5881,7.0
20200901_prof.nc_65,5057484956535432,2020-09-01 10:42:52,2020-09-01,1.29,13.357,69.698,13.25,69.75,13.16,1000,8.077,9.3435,8.3385,8.4695,5.2
20200901_prof.nc_72,5057484956535332,2020-09-01 08:16:34,2020-09-01,3.72,5.658,57.601,5.75,57.5,15.15,5,28.1983,29.2171,27.6209,28.0201,28.1
20200901_prof.nc_72,5057484956535332,2020-09-01 08:16:34,2020-09-01,3.72,5.658,57.601,5.75,57.5,15.15,10,28.117,29.1299,27.6234,28.044,27.9
20200901_prof.nc_72,5057484956535332,2020-09-01 08:16:34,2020-09-01,3.72,5.658,57.601,5.75,57.5,15.15,20,28.087,29.2343,27.5564,27.9788,27.5
20200901_prof.nc_72,5057484956535332,2020-09-01 08:16:34,2020-09-01,3.72,5.658,57.601,5.75,57.5,15.15,30,28.064,29.1013,27.5601,27.7749,26.8
20200901_prof.nc_72,5057484956535332,2020-09-01 08:16:34,2020-09-01,3.72,5.658,57.601,5.75,57.5,15.15,50,27.98,27.8397,27.3144,27.2178,25.0
20200901_prof.nc_72,5057484956535332,2020-09-01 08:16:34,2020-09-01,3.72,5.658,57.601,5.75,57.5,15.15,75,27.5605,25.0732,26.7105,26.14,22.5
20200901_prof.nc_72,5057484956535332,2020-09-01 08:16:34,2020-09-01,3.72,5.658,57.601,5.75,57.5,15.15,100,27.483,21.3154,24.6246,24.5439,19.8
20200901_prof.nc_72,5057484956535332,2020-09-01 08:16:34,2020-09-01,3.72,5.658,57.601,5.75,57.5,15.15,125,23.4425,18.139,22.1709,22.1973,17.2
20200901_prof.nc_72,5057484956535332,2020-09-01 08:16:34,2020-09-01,3.72,5.658,57.601,5.75,57.5,15.15,150,20.437,16.151,19.659,19.9471,15.1
20200901_prof.nc_72,5057484956535332,2020-09-01 08:16:34,2020-09-01,3.72,5.658,57.601,5.75,57.5,15.15,200,15.603,13.8201,16.3867,16.9208,13.0
20200901_prof.nc_72,5057484956535332,2020-09-01 08:16:34,2020-09-01,3.72,5.658,57.601,5.75,57.5,15.15,300,12.148,11.8104,13.7224,13.9852,10.5
20200901_prof.nc_72,5057484956535332,2020-09-01 08:16:34,2020-09-01,3.72,5.658,57.601,5.75,57.5,15.15,500,10.902,10.7221,11.6667,11.8967,8.4
20200901_prof.nc_72,5057484956535332,2020-09-01 08:16:34,2020-09-01,3.72,5.658,57.601,5.75,57.5,15.15,700,9.848,9.4243,10.1266,10.3489,7.0
20200901_prof.nc_72,5057484956535332,2020-09-01 08:16:34,2020-09-01,3.72,5.658,57.601,5.75,57.5,15.15,1000,7.666,8.6177,7.9823,8.2451,5.2
20200901_prof.nc_97,5057485049575632,2020-09-01 01:24:49,2020-09-01,10.59,8.661,63.277,8.75,63.25,10.33,5,28.3729,29.7055,28.1321,28.1805,28.1
20200901_prof.nc_97,5057485049575632,2020-09-01 01:24:49,2020-09-01,10.59,8.661,63.277,8.75,63.25,10.33,10,28.3719,29.48,28.1837,28.1466,27.9
20200901_prof.nc_97,5057485049575632,2020-09-01 01:24:49,2020-09-01,10.59,8.661,63.277,8.75,63.25,10.33,20,28.366,29.4216,27.9174,27.9543,27.5
20200901_prof.nc_97,5057485049575632,2020-09-01 01:24:49,2020-09-01,10.59,8.661,63.277,8.75,63.25,10.33,30,28.3088,29.2917,27.6242,27.556,26.8
20200901_prof.nc_97,5057485049575632,2020-09-01 01:24:49,2020-09-01,10.59,8.661,63.277,8.75,63.25,10.33,50,28.2377,28.113,26.9191,26.6298,25.0
20200901_prof.nc_97,5057485049575632,2020-09-01 01:24:49,2020-09-01,10.59,8.661,63.277,8.75,63.25,10.33,75,27.857,25.4449,26.2296,25.8312,22.5
20200901_prof.nc_97,5057485049575632,2020-09-01 01:24:49,2020-09-01,10.59,8.661,63.277,8.75,63.25,10.33,100,27.8224,22.0933,24.7895,24.7942,19.8
20200901_prof.nc_97,5057485049575632,2020-09-01 01:24:49,2020-09-01,10.59,8.661,63.277,8.75,63.25,10.33,125,24.1676,19.1114,22.9275,23.0375,17.2
20200901_prof.nc_97,5057485049575632,2020-09-01 01:24:49,2020-09-01,10.59,8.661,63.277,8.75,63.25,10.33,150,20.9327,17.1806,20.8071,21.1141,15.1
20200901_prof.nc_97,5057485049575632,2020-09-01 01:24:49,2020-09-01,10.59,8.661,63.277,8.75,63.25,10.33,200,16.372,14.5924,17.6599,18.064,13.0
20200901_prof.nc_97,5057485049575632,2020-09-01 01:24:49,2020-09-01,10.59,8.661,63.277,8.75,63.25,10.33,300,12.6609,12.2776,14.6015,14.9754,10.5
20200901_prof.nc_97,5057485049575632,2020-09-01 01:24:49,2020-09-01,10.59,8.661,63.277,8.75,63.25,10.33,500,11.251,11.3932,12.374,12.5552,8.4
20200901_prof.nc_97,5057485049575632,2020-09-01 01:24:49,2020-09-01,10.59,8.661,63.277,8.75,63.25,10.33,700,10.0356,10.1662,10.7576,10.9614,7.0
20200901_prof.nc_97,5057485049575632,2020-09-01 01:24:49,2020-09-01,10.59,8.661,63.277,8.75,63.25,10.33,1000,7.7894,9.2325,8.5102,8.732,5.2
20200901_prof.nc_101,5057485050515432,2020-09-01 01:07:45,2020-09-01,10.87,17.45,85.5167,17.5,85.5,5.83,5,29.428,30.2665,29.0526,29.1724,28.1
20200901_prof.nc_101,5057485050515432,2020-09-01 01:07:45,2020-09-01,10.87,17.45,85.5167,17.5,85.5,5.83,10,29.2808,30.0604,29.0839,29.1321,27.9
20200901_prof.nc_101,5057485050515432,2020-09-01 01:07:45,2020-09-01,10.87,17.45,85.5167,17.5,85.5,5.83,20,29.0576,29.7837,29.0986,29.1132,27.5
20200901_prof.nc_101,5057485050515432,2020-09-01 01:07:45,2020-09-01,10.87,17.45,85.5167,17.5,85.5,5.83,30,28.845,29.3659,29.0753,29.1005,26.8
20200901_prof.nc_101,5057485050515432,2020-09-01 01:07:45,2020-09-01,10.87,17.45,85.5167,17.5,85.5,5.83,50,28.5524,27.8968,28.1867,28.0602,25.0
20200901_prof.nc_101,5057485050515432,2020-09-01 01:07:45,2020-09-01,10.87,17.45,85.5167,17.5,85.5,5.83,75,24.881,24.9386,25.5646,25.5167,22.5
20200901_prof.nc_101,5057485050515432,2020-09-01 01:07:45,2020-09-01,10.87,17.45,85.5167,17.5,85.5,5.83,100,21.6226,21.4295,22.1172,22.0884,19.8
20200901_prof.nc_101,5057485050515432,2020-09-01 01:07:45,2020-09-01,10.87,17.45,85.5167,17.5,85.5,5.83,125,19.555,18.6248,19.0037,19.0303,17.2
20200901_prof.nc_101,5057485050515432,2020-09-01 01:07:45,2020-09-01,10.87,17.45,85.5167,17.5,85.5,5.83,150,16.6827,16.6138,16.7034,16.7295,15.1
20200901_prof.nc_101,5057485050515432,2020-09-01 01:07:45,2020-09-01,10.87,17.45,85.5167,17.5,85.5,5.83,200,13.7986,14.1697,13.9647,13.8655,13.0
20200901_prof.nc_101,5057485050515432,2020-09-01 01:07:45,2020-09-01,10.87,17.45,85.5167,17.5,85.5,5.83,300,11.724,11.6596,11.7536,11.4521,10.5
20200901_prof.nc_101,5057485050515432,2020-09-01 01:07:45,2020-09-01,10.87,17.45,85.5167,17.5,85.5,5.83,500,10.1348,10.0609,9.9157,9.8492,8.4
20200901_prof.nc_101,5057485050515432,2020-09-01 01:07:45,2020-09-01,10.87,17.45,85.5167,17.5,85.5,5.83,700,8.7407,8.6802,8.4082,8.2355,7.0
20200901_prof.nc_101,5057485050515432,2020-09-01 01:07:45,2020-09-01,10.87,17.45,85.5167,17.5,85.5,5.83,1000,6.8186,7.4282,6.5997,6.5224,5.2
20200915_prof.nc_9,5057485050554932,2020-09-15 21:51:05.000000256,2020-09-15,9.85,15.4748,69.5562,15.5,69.5,6.64,5,28.2895,30.0509,28.3956,28.3142,28.1
20200915_prof.nc_9,5057485050554932,2020-09-15 21:51:05.000000256,2020-09-15,9.85,15.4748,69.5562,15.5,69.5,6.64,10,28.291,29.8334,28.3123,28.3376,27.9
20200915_prof.nc_9,5057485050554932,2020-09-15 21:51:05.000000256,2020-09-15,9.85,15.4748,69.5562,15.5,69.5,6.64,20,28.292,29.508,28.1584,28.2379,27.5
20200915_prof.nc_9,5057485050554932,2020-09-15 21:51:05.000000256,2020-09-15,9.85,15.4748,69.5562,15.5,69.5,6.64,30,28.2494,29.2335,28.106,28.1112,26.8
20200915_prof.nc_9,5057485050554932,2020-09-15 21:51:05.000000256,2020-09-15,9.85,15.4748,69.5562,15.5,69.5,6.64,50,27.8983,27.67,27.2842,27.1294,25.0
20200915_prof.nc_9,5057485050554932,2020-09-15 21:51:05.000000256,2020-09-15,9.85,15.4748,69.5562,15.5,69.5,6.64,75,26.3529,24.4704,25.9573,25.7365,22.5
20200915_prof.nc_9,5057485050554932,2020-09-15 21:51:05.000000256,2020-09-15,9.85,15.4748,69.5562,15.5,69.5,6.64,100,23.0828,21.0933,24.2899,24.1681,19.8
20200915_prof.nc_9,5057485050554932,2020-09-15 21:51:05.000000256,2020-09-15,9.85,15.4748,69.5562,15.5,69.5,6.64,125,20.7863,18.4058,21.9832,22.0072,17.2
20200915_prof.nc_9,5057485050554932,2020-09-15 21:51:05.000000256,2020-09-15,9.85,15.4748,69.5562,15.5,69.5,6.64,150,18.9956,16.825,19.7105,19.8496,15.1
20200915_prof.nc_9,5057485050554932,2020-09-15 21:51:05.000000256,2020-09-15,9.85,15.4748,69.5562,15.5,69.5,6.64,200,16.016,14.9208,16.6332,16.8875,13.0
20200915_prof.nc_9,5057485050554932,2020-09-15 21:51:05.000000256,2020-09-15,9.85,15.4748,69.5562,15.5,69.5,6.64,300,13.173,12.6854,13.7732,14.0761,10.5
20200915_prof.nc_9,5057485050554932,2020-09-15 21:51:05.000000256,2020-09-15,9.85,15.4748,69.5562,15.5,69.5,6.64,500,11.816,11.5589,11.8844,12.0475,8.4
20200915_prof.nc_9,5057485050554932,2020-09-15 21:51:05.000000256,2020-09-15,9.85,15.4748,69.5562,15.5,69.5,6.64,700,10.817,10.334,10.3189,10.5277,7.0
20200915_prof.nc_9,5057485050554932,2020-09-15 21:51:05.000000256,2020-09-15,9.85,15.4748,69.5562,15.5,69.5,6.64,1000,8.5541,9.3285,8.1919,8.3918,5.2
20200915_prof.nc_10,5057485051574832,2020-09-15 21:50:17,2020-09-15,9.84,16.5878,60.9428,16.5,61.0,11.51,5,27.458,29.118,27.4975,27.2744,28.1
20200915_prof.nc_10,5057485051574832,2020-09-15 21:50:17,2020-09-15,9.84,16.5878,60.9428,16.5,61.0,11.51,10,27.46,28.775,27.3051,27.3477,27.9
20200915_prof.nc_10,5057485051574832,2020-09-15 21:50:17,2020-09-15,9.84,16.5878,60.9428,16.5,61.0,11.51,20,27.463,28.2409,27.0825,27.2738,27.5
20200915_prof.nc_10,5057485051574832,2020-09-15 21:50:17,2020-09-15,9.84,16.5878,60.9428,16.5,61.0,11.51,30,26.4822,27.6089,26.8891,27.2266,26.8
20200915_prof.nc_10,5057485051574832,2020-09-15 21:50:17,2020-09-15,9.84,16.5878,60.9428,16.5,61.0,11.51,50,26.6777,24.8585,25.9272,26.4145,25.0
20200915_prof.nc_10,5057485051574832,2020-09-15 21:50:17,2020-09-15,9.84,16.5878,60.9428,16.5,61.0,11.51,75,24.4065,22.4531,24.2445,24.9218,22.5
20200915_prof.nc_10,5057485051574832,2020-09-15 21:50:17,2020-09-15,9.84,16.5878,60.9428,16.5,61.0,11.51,100,21.3254,20.3718,22.4236,23.3195,19.8
20200915_prof.nc_10,5057485051574832,2020-09-15 21:50:17,2020-09-15,9.84,16.5878,60.9428,16.5,61.0,11.51,125,19.8414,18.3475,20.4831,21.2584,17.2
20200915_prof.nc_10,5057485051574832,2020-09-15 21:50:17,2020-09-15,9.84,16.5878,60.9428,16.5,61.0,11.51,150,18.467,16.9325,18.657,19.3453,15.1
20200915_prof.nc_10,5057485051574832,2020-09-15 21:50:17,2020-09-15,9.84,16.5878,60.9428,16.5,61.0,11.51,200,16.7,15.4122,16.5099,16.668,13.0
20200915_prof.nc_10,5057485051574832,2020-09-15 21:50:17,2020-09-15,9.84,16.5878,60.9428,16.5,61.0,11.51,300,14.4826,13.212,14.06,13.9988,10.5
20200915_prof.nc_10,5057485051574832,2020-09-15 21:50:17,2020-09-15,9.84,16.5878,60.9428,16.5,61.0,11.51,500,12.4321,11.929,12.0114,11.9254,8.4
20200915_prof.nc_10,5057485051574832,2020-09-15 21:50:17,2020-09-15,9.84,16.5878,60.9428,16.5,61.0,11.51,700,10.951,10.5777,10.6069,10.4434,7.0
20200915_prof.nc_10,5057485051574832,2020-09-15 21:50:17,2020-09-15,9.84,16.5878,60.9428,16.5,61.0,11.51,1000,9.112,9.5026,8.4082,8.3381,5.2
20200915_prof.nc_16,5057485050555432,2020-09-15 19:07:09,2020-09-15,7.12,20.7003,67.234,20.75,67.25,5.77,5,28.9702,30.0362,29.013,29.0922,28.1
20200915_prof.nc_16,5057485050555432,2020-09-15 19:07:09,2020-09-15,7.12,20.7003,67.234,20.75,67.25,5.77,10,28.962,29.7369,28.8027,28.9391,27.9
20200915_prof.nc_16,5057485050555432,2020-09-15 19:07:09,2020-09-15,7.12,20.7003,67.234,20.75,67.25,5.77,20,28.8601,29.1574,28.2249,28.3826,27.5
20200915_prof.nc_16,5057485050555432,2020-09-15 19:07:09,2020-09-15,7.12,20.7003,67.234,20.75,67.25,5.77,30,28.368,28.5191,27.2899,27.5901,26.8
20200915_prof.nc_16,5057485050555432,2020-09-15 19:07:09,2020-09-15,7.12,20.7003,67.234,20.75,67.25,5.77,50,24.2027,25.7033,25.2532,25.5481,25.0
20200915_prof.nc_16,5057485050555432,2020-09-15 19:07:09,2020-09-15,7.12,20.7003,67.234,20.75,67.25,5.77,75,23.5763,23.147,23.5335,23.6966,22.5
20200915_prof.nc_16,5057485050555432,2020-09-15 19:07:09,2020-09-15,7.12,20.7003,67.234,20.75,67.25,5.77,100,23.1246,21.2086,22.1691,22.3888,19.8
20200915_prof.nc_16,5057485050555432,2020-09-15 19:07:09,2020-09-15,7.12,20.7003,67.234,20.75,67.25,5.77,125,21.3839,19.1024,20.9115,20.9671,17.2
20200915_prof.nc_16,5057485050555432,2020-09-15 19:07:09,2020-09-15,7.12,20.7003,67.234,20.75,67.25,5.77,150,19.8532,17.7278,19.6255,19.5669,15.1
20200915_prof.nc_16,5057485050555432,2020-09-15 19:07:09,2020-09-15,7.12,20.7003,67.234,20.75,67.25,5.77,200,17.551,15.9034,17.7844,17.5914,13.0
20200915_prof.nc_16,5057485050555432,2020-09-15 19:07:09,2020-09-15,7.12,20.7003,67.234,20.75,67.25,5.77,300,15.493,13.5491,15.4054,15.126,10.5
20200915_prof.nc_16,5057485050555432,2020-09-15 19:07:09,2020-09-15,7.12,20.7003,67.234,20.75,67.25,5.77,500,12.5413,12.1257,12.9025,12.8566,8.4
20200915_prof.nc_16,5057485050555432,2020-09-15 19:07:09,2020-09-15,7.12,20.7003,67.234,20.75,67.25,5.77,700,10.9261,10.73,11.126,11.1659,7.0
20200915_prof.nc_16,5057485050555432,2020-09-15 19:07:09,2020-09-15,7.12,20.7003,67.234,20.75,67.25,5.77,1000,8.7767,9.6496,8.7764,8.873,5.2
20200915_prof.nc_35,5457485057525132,2020-09-15 14:43:30,2020-09-15,2.73,12.3574,63.4732,12.25,63.5,12.3,5,27.217,29.4155,27.4308,27.1151,28.1
20200915_prof.nc_35,5457485057525132,2020-09-15 14:43:30,2020-09-15,2.73,12.3574,63.4732,12.25,63.5,12.3,10,27.2182,29.1956,27.5028,27.1003,27.9
20200915_prof.nc_35,5457485057525132,2020-09-15 14:43:30,2020-09-15,2.73,12.3574,63.4732,12.25,63.5,12.3,20,27.2095,28.9406,27.3721,27.2031,27.5
20200915_prof.nc_35,5457485057525132,2020-09-15 14:43:30,2020-09-15,2.73,12.3574,63.4732,12.25,63.5,12.3,30,27.1147,28.7198,27.4975,27.3216,26.8
20200915_prof.nc_35,5457485057525132,2020-09-15 14:43:30,2020-09-15,2.73,12.3574,63.4732,12.25,63.5,12.3,50,26.5906,27.3772,27.3921,27.0475,25.0
20200915_prof.nc_35,5457485057525132,2020-09-15 14:43:30,2020-09-15,2.73,12.3574,63.4732,12.25,63.5,12.3,75,26.452,24.676,26.628,26.0752,22.5
20200915_prof.nc_35,5457485057525132,2020-09-15 14:43:30,2020-09-15,2.73,12.3574,63.4732,12.25,63.5,12.3,100,25.9303,21.5063,25.0726,24.672,19.8
20200915_prof.nc_35,5457485057525132,2020-09-15 14:43:30,2020-09-15,2.73,12.3574,63.4732,12.25,63.5,12.3,125,23.281,18.914,23.1034,22.6683,17.2
20200915_prof.nc_35,5457485057525132,2020-09-15 14:43:30,2020-09-15,2.73,12.3574,63.4732,12.25,63.5,12.3,150,21.2304,17.3768,20.7705,20.5575,15.1
20200915_prof.nc_35,5457485057525132,2020-09-15 14:43:30,2020-09-15,2.73,12.3574,63.4732,12.25,63.5,12.3,200,18.017,15.2588,17.0193,17.2841,13.0
20200915_prof.nc_35,5457485057525132,2020-09-15 14:43:30,2020-09-15,2.73,12.3574,63.4732,12.25,63.5,12.3,300,14.0446,12.7933,13.6267,14.2102,10.5
20200915_prof.nc_35,5457485057525132,2020-09-15 14:43:30,2020-09-15,2.73,12.3574,63.4732,12.25,63.5,12.3,500,11.7574,11.8396,11.7105,11.9989,8.4
20200915_prof.nc_35,5457485057525132,2020-09-15 14:43:30,2020-09-15,2.73,12.3574,63.4732,12.25,63.5,12.3,700,10.6398,10.5976,10.2871,10.64,7.0
20200915_prof.nc_35,5457485057525132,2020-09-15 14:43:30,2020-09-15,2.73,12.3574,63.4732,12.25,63.5,12.3,1000,8.418,9.6436,8.2507,8.4557,5.2
20200915_prof.nc_37,5057485050565332,2020-09-15 14:01:00,2020-09-15,2.02,15.526,82.652,15.5,82.75,10.89,5,29.464,30.596,29.4972,29.5237,28.1
20200915_prof.nc_37,5057485050565332,2020-09-15 14:01:00,2020-09-15,2.02,15.526,82.652,15.5,82.75,10.89,10,29.478,30.3868,29.6427,29.4981,27.9
20200915_prof.nc_37,5057485050565332,2020-09-15 14:01:00,2020-09-15,2.02,15.526,82.652,15.5,82.75,10.89,20,29.462,30.105,29.5673,29.4899,27.5
20200915_prof.nc_37,5057485050565332,2020-09-15 14:01:00,2020-09-15,2.02,15.526,82.652,15.5,82.75,10.89,30,29.3205,29.8386,29.7352,29.5556,26.8
20200915_prof.nc_37,5057485050565332,2020-09-15 14:01:00,2020-09-15,2.02,15.526,82.652,15.5,82.75,10.89,50,27.8612,28.2478,28.4767,28.8179,25.0
20200915_prof.nc_37,5057485050565332,2020-09-15 14:01:00,2020-09-15,2.02,15.526,82.652,15.5,82.75,10.89,75,24.248,24.8425,25.2998,26.4862,22.5
20200915_prof.nc_37,5057485050565332,2020-09-15 14:01:00,2020-09-15,2.02,15.526,82.652,15.5,82.75,10.89,100,21.9339,21.358,21.9159,23.3594,19.8
20200915_prof.nc_37,5057485050565332,2020-09-15 14:01:00,2020-09-15,2.02,15.526,82.652,15.5,82.75,10.89,125,19.236,18.6077,18.9716,20.2589,17.2
20200915_prof.nc_37,5057485050565332,2020-09-15 14:01:00,2020-09-15,2.02,15.526,82.652,15.5,82.75,10.89,150,17.0195,16.6296,16.846,17.6871,15.1
20200915_prof.nc_37,5057485050565332,2020-09-15 14:01:00,2020-09-15,2.02,15.526,82.652,15.5,82.75,10.89,200,14.8562,14.254,14.1147,14.5025,13.0
20200915_prof.nc_37,5057485050565332,2020-09-15 14:01:00,2020-09-15,2.02,15.526,82.652,15.5,82.75,10.89,300,12.1396,11.8483,11.8287,11.784,10.5
20200915_prof.nc_37,5057485050565332,2020-09-15 14:01:00,2020-09-15,2.02,15.526,82.652,15.5,82.75,10.89,500,10.0856,10.3292,10.1107,10.1246,8.4
20200915_prof.nc_37,5057485050565332,2020-09-15 14:01:00,2020-09-15,2.02,15.526,82.652,15.5,82.75,10.89,700,8.6922,8.98,8.8438,8.589,7.0
20200915_prof.nc_37,5057485050565332,2020-09-15 14:01:00,2020-09-15,2.02,15.526,82.652,15.5,82.75,10.89,1000,6.7654,7.9153,6.8363,6.7967,5.2
20200915_prof.nc_49,5057485051575032,2020-09-15 11:24:54,2020-09-15,0.58,8.2858,51.0152,8.25,51.0,4.32,5,25.741,28.6914,26.2293,26.2636,28.1
20200915_prof.nc_49,5057485051575032,2020-09-15 11:24:54,2020-09-15,0.58,8.2858,51.0152,8.25,51.0,4.32,10,25.7434,28.2481,26.4322,26.2525,27.9
20200915_prof.nc_49,5057485051575032,2020-09-15 11:24:54,2020-09-15,0.58,8.2858,51.0152,8.25,51.0,4.32,20,25.7133,27.9509,26.2068,26.467,27.5
20200915_prof.nc_49,5057485051575032,2020-09-15 11:24:54,2020-09-15,0.58,8.2858,51.0152,8.25,51.0,4.32,30,25.682,28.3117,26.4703,26.6562,26.8
20200915_prof.nc_49,5057485051575032,2020-09-15 11:24:54,2020-09-15,0.58,8.2858,51.0152,8.25,51.0,4.32,50,25.489,26.9759,26.7317,26.8137,25.0
20200915_prof.nc_49,5057485051575032,2020-09-15 11:24:54,2020-09-15,0.58,8.2858,51.0152,8.25,51.0,4.32,75,25.7516,23.654,25.8032,26.1064,22.5
20200915_prof.nc_49,5057485051575032,2020-09-15 11:24:54,2020-09-15,0.58,8.2858,51.0152,8.25,51.0,4.32,100,24.5838,20.0518,24.1242,24.6703,19.8
20200915_prof.nc_49,5057485051575032,2020-09-15 11:24:54,2020-09-15,0.58,8.2858,51.0152,8.25,51.0,4.32,125,23.2007,17.202,22.7836,22.7526,17.2
20200915_prof.nc_49,5057485051575032,2020-09-15 11:24:54,2020-09-15,0.58,8.2858,51.0152,8.25,51.0,4.32,150,19.9866,15.6807,20.9599,20.7622,15.1
20200915_prof.nc_49,5057485051575032,2020-09-15 11:24:54,2020-09-15,0.58,8.2858,51.0152,8.25,51.0,4.32,200,13.781,14.0735,17.3581,17.373,13.0
20200915_prof.nc_49,5057485051575032,2020-09-15 11:24:54,2020-09-15,0.58,8.2858,51.0152,8.25,51.0,4.32,300,13.1276,12.194,14.4268,14.3861,10.5
20200915_prof.nc_49,5057485051575032,2020-09-15 11:24:54,2020-09-15,0.58,8.2858,51.0152,8.25,51.0,4.32,500,11.5511,11.4132,12.4842,12.15,8.4
20200915_prof.nc_49,5057485051575032,2020-09-15 11:24:54,2020-09-15,0.58,8.2858,51.0152,8.25,51.0,4.32,700,10.7837,10.2246,11.395,10.9251,7.0
20200915_prof.nc_49,5057485051575032,2020-09-15 11:24:54,2020-09-15,0.58,8.2858,51.0152,8.25,51.0,4.32,1000,8.5702,9.2812,9.4446,8.922,5.2
20200915_prof.nc_56,5057484956575232,2020-09-15 09:21:01.999999744,2020-09-15,2.65,6.471,90.339,6.5,90.25,10.35,5,28.7905,30.1337,28.7484,28.9066,28.1
20200915_prof.nc_56,5057484956575232,2020-09-15 09:21:01.999999744,2020-09-15,2.65,6.471,90.339,6.5,90.25,10.35,10,28.773,29.9806,28.7276,28.9143,27.9
20200915_prof.nc_56,5057484956575232,2020-09-15 09:21:01.999999744,2020-09-15,2.65,6.471,90.339,6.5,90.25,10.35,20,28.7195,29.821,28.6834,28.9124,27.5
20200915_prof.nc_56,5057484956575232,2020-09-15 09:21:01.999999744,2020-09-15,2.65,6.471,90.339,6.5,90.25,10.35,30,28.785,29.7921,28.7217,28.9388,26.8
20200915_prof.nc_56,5057484956575232,2020-09-15 09:21:01.999999744,2020-09-15,2.65,6.471,90.339,6.5,90.25,10.35,50,29.074,28.5042,28.2676,28.4186,25.0
20200915_prof.nc_56,5057484956575232,2020-09-15 09:21:01.999999744,2020-09-15,2.65,6.471,90.339,6.5,90.25,10.35,75,28.9255,25.0552,26.2993,26.6178,22.5
20200915_prof.nc_56,5057484956575232,2020-09-15 09:21:01.999999744,2020-09-15,2.65,6.471,90.339,6.5,90.25,10.35,100,27.821,21.097,23.3917,24.1002,19.8
20200915_prof.nc_56,5057484956575232,2020-09-15 09:21:01.999999744,2020-09-15,2.65,6.471,90.339,6.5,90.25,10.35,125,19.2235,18.0345,20.3601,21.1832,17.2
20200915_prof.nc_56,5057484956575232,2020-09-15 09:21:01.999999744,2020-09-15,2.65,6.471,90.339,6.5,90.25,10.35,150,16.223,16.1345,17.8547,18.5578,15.1
20200915_prof.nc_56,5057484956575232,2020-09-15 09:21:01.999999744,2020-09-15,2.65,6.471,90.339,6.5,90.25,10.35,200,13.587,14.1025,14.7202,15.0432,13.0
20200915_prof.nc_56,5057484956575232,2020-09-15 09:21:01.999999744,2020-09-15,2.65,6.471,90.339,6.5,90.25,10.35,300,11.976,11.9369,11.9855,11.9641,10.5
20200915_prof.nc_56,5057484956575232,2020-09-15 09:21:01.999999744,2020-09-15,2.65,6.471,90.339,6.5,90.25,10.35,500,10.105,10.4542,10.2358,10.1806,8.4
20200915_prof.nc_56,5057484956575232,2020-09-15 09:21:01.999999744,2020-09-15,2.65,6.471,90.339,6.5,90.25,10.35,700,8.4183,9.0963,8.9197,8.8816,7.0
20200915_prof.nc_56,5057484956575232,2020-09-15 09:21:01.999999744,2020-09-15,2.65,6.471,90.339,6.5,90.25,10.35,1000,6.6603,8.0413,7.0099,7.1159,5.2
20200915_prof.nc_61,5057484956575332,2020-09-15 08:48:51.000000256,2020-09-15,3.19,7.597,89.845,7.5,89.75,15.03,5,29.0035,29.9335,28.8555,29.0082,28.1
20200915_prof.nc_61,5057484956575332,2020-09-15 08:48:51.000000256,2020-09-15,3.19,7.597,89.845,7.5,89.75,15.03,10,29.0077,29.7436,28.9298,29.0466,27.9
20200915_prof.nc_61,5057484956575332,2020-09-15 08:48:51.000000256,2020-09-15,3.19,7.597,89.845,7.5,89.75,15.03,20,29.102,29.5076,28.8838,28.955,27.5
20200915_prof.nc_61,5057484956575332,2020-09-15 08:48:51.000000256,2020-09-15,3.19,7.597,89.845,7.5,89.75,15.03,30,29.001,29.3186,28.8393,28.863,26.8
20200915_prof.nc_61,5057484956575332,2020-09-15 08:48:51.000000256,2020-09-15,3.19,7.597,89.845,7.5,89.75,15.03,50,28.734,28.0005,27.7418,27.9006,25.0
20200915_prof.nc_61,5057484956575332,2020-09-15 08:48:51.000000256,2020-09-15,3.19,7.597,89.845,7.5,89.75,15.03,75,25.134,24.5731,24.8059,25.3609,22.5
20200915_prof.nc_61,5057484956575332,2020-09-15 08:48:51.000000256,2020-09-15,3.19,7.597,89.845,7.5,89.75,15.03,100,21.601,20.7013,21.3608,22.2195,19.8
20200915_prof.nc_61,5057484956575332,2020-09-15 08:48:51.000000256,2020-09-15,3.19,7.597,89.845,7.5,89.75,15.03,125,20.048,17.7099,18.4417,19.2163,17.2
20200915_prof.nc_61,5057484956575332,2020-09-15 08:48:51.000000256,2020-09-15,3.19,7.597,89.845,7.5,89.75,15.03,150,18.024,15.85,16.3481,16.9037,15.1
20200915_prof.nc_61,5057484956575332,2020-09-15 08:48:51.000000256,2020-09-15,3.19,7.597,89.845,7.5,89.75,15.03,200,14.3978,13.8817,13.8146,14.0922,13.0
20200915_prof.nc_61,5057484956575332,2020-09-15 08:48:51.000000256,2020-09-15,3.19,7.597,89.845,7.5,89.75,15.03,300,11.588,11.7829,11.6179,11.6076,10.5
20200915_prof.nc_61,5057484956575332,2020-09-15 08:48:51.000000256,2020-09-15,3.19,7.597,89.845,7.5,89.75,15.03,500,9.901,10.3053,9.9045,10.0669,8.4
20200915_prof.nc_61,5057484956575332,2020-09-15 08:48:51.000000256,2020-09-15,3.19,7.597,89.845,7.5,89.75,15.03,700,8.2343,8.951,8.6704,8.658,7.0
20200915_prof.nc_61,5057484956575332,2020-09-15 08:48:51.000000256,2020-09-15,3.19,7.597,89.845,7.5,89.75,15.03,1000,6.5271,7.7716,6.763,6.9515,5.2
20200915_prof.nc_70,5057484956575632,2020-09-15 06:56:49,2020-09-15,5.05,11.4652,90.8552,11.5,90.75,12.1,5,29.366,30.2099,29.2866,29.3161,28.1
20200915_prof.nc_70,5057484956575632,2020-09-15 06:56:49,2020-09-15,5.05,11.4652,90.8552,11.5,90.75,12.1,10,29.367,30.0198,29.316,29.3068,27.9
20200915_prof.nc_70,5057484956575632,2020-09-15 06:56:49,2020-09-15,5.05,11.4652,90.8552,11.5,90.75,12.1,20,29.368,29.7359,29.2423,29.2642,27.5
20200915_prof.nc_70,5057484956575632,2020-09-15 06:56:49,2020-09-15,5.05,11.4652,90.8552,11.5,90.75,12.1,30,29.369,29.4877,29.2518,29.2881,26.8
20200915_prof.nc_70,5057484956575632,2020-09-15 06:56:49,2020-09-15,5.05,11.4652,90.8552,11.5,90.75,12.1,50,27.6853,28.1087,28.419,28.4183,25.0
20200915_prof.nc_70,5057484956575632,2020-09-15 06:56:49,2020-09-15,5.05,11.4652,90.8552,11.5,90.75,12.1,75,23.9723,24.9885,25.6334,26.0109,22.5
20200915_prof.nc_70,5057484956575632,2020-09-15 06:56:49,2020-09-15,5.05,11.4652,90.8552,11.5,90.75,12.1,100,22.391,21.3485,22.3595,22.8054,19.8
20200915_prof.nc_70,5057484956575632,2020-09-15 06:56:49,2020-09-15,5.05,11.4652,90.8552,11.5,90.75,12.1,125,18.817,18.4922,19.3914,19.7494,17.2
20200915_prof.nc_70,5057484956575632,2020-09-15 06:56:49,2020-09-15,5.05,11.4652,90.8552,11.5,90.75,12.1,150,16.9565,16.4473,17.0907,17.2754,15.1
20200915_prof.nc_70,5057484956575632,2020-09-15 06:56:49,2020-09-15,5.05,11.4652,90.8552,11.5,90.75,12.1,200,14.6175,14.194,14.1764,14.1871,13.0
20200915_prof.nc_70,5057484956575632,2020-09-15 06:56:49,2020-09-15,5.05,11.4652,90.8552,11.5,90.75,12.1,300,12.025,11.7947,11.6814,11.5574,10.5
20200915_prof.nc_70,5057484956575632,2020-09-15 06:56:49,2020-09-15,5.05,11.4652,90.8552,11.5,90.75,12.1,500,10.019,10.2033,9.8815,9.9201,8.4
20200915_prof.nc_70,5057484956575632,2020-09-15 06:56:49,2020-09-15,5.05,11.4652,90.8552,11.5,90.75,12.1,700,8.5762,8.832,8.5324,8.3538,7.0
20200915_prof.nc_70,5057484956575632,2020-09-15 06:56:49,2020-09-15,5.05,11.4652,90.8552,11.5,90.75,12.1,1000,6.7158,7.6553,6.6471,6.6087,5.2
20200915_prof.nc_73,5057485050575232,2020-09-15 06:13:48,2020-09-15,5.77,6.8774,87.5219,7.0,87.5,13.85,50,29.052,27.9122,28.2806,28.3769,25.0
20200915_prof.nc_73,5057485050575232,2020-09-15 06:13:48,2020-09-15,5.77,6.8774,87.5219,7.0,87.5,13.85,75,27.9371,24.7954,25.8918,26.4772,22.5
20200915_prof.nc_73,5057485050575232,2020-09-15 06:13:48,2020-09-15,5.77,6.8774,87.5219,7.0,87.5,13.85,100,26.4651,21.1451,22.8587,23.8161,19.8
20200915_prof.nc_73,5057485050575232,2020-09-15 06:13:48,2020-09-15,5.77,6.8774,87.5219,7.0,87.5,13.85,125,21.6229,18.2308,19.9274,20.8919,17.2
20200915_prof.nc_73,5057485050575232,2020-09-15 06:13:48,2020-09-15,5.77,6.8774,87.5219,7.0,87.5,13.85,150,17.1365,16.2802,17.4989,18.3252,15.1
20200915_prof.nc_73,5057485050575232,2020-09-15 06:13:48,2020-09-15,5.77,6.8774,87.5219,7.0,87.5,13.85,200,14.5131,14.2233,14.3743,14.8929,13.0
20200915_prof.nc_73,5057485050575232,2020-09-15 06:13:48,2020-09-15,5.77,6.8774,87.5219,7.0,87.5,13.85,300,11.9013,11.9513,11.7266,11.9053,10.5
20200915_prof.nc_73,5057485050575232,2020-09-15 06:13:48,2020-09-15,5.77,6.8774,87.5219,7.0,87.5,13.85,500,10.0132,10.4888,10.1536,10.1804,8.4
20200915_prof.nc_73,5057485050575232,2020-09-15 06:13:48,2020-09-15,5.77,6.8774,87.5219,7.0,87.5,13.85,700,8.6066,9.1411,8.8433,8.8522,7.0
20200915_prof.nc_73,5057485050575232,2020-09-15 06:13:48,2020-09-15,5.77,6.8774,87.5219,7.0,87.5,13.85,1000,6.491,7.9435,6.984,7.0455,5.2
20200915_prof.nc_76,5057485055545732,2020-09-15 05:24:24.000000256,2020-09-15,6.59,12.147,87.257,12.25,87.25,11.48,5,29.33,30.5545,29.3642,29.3956,28.1
20200915_prof.nc_76,5057485055545732,2020-09-15 05:24:24.000000256,2020-09-15,6.59,12.147,87.257,12.25,87.25,11.48,10,29.3281,30.3679,29.4163,29.4342,27.9
20200915_prof.nc_76,5057485055545732,2020-09-15 05:24:24.000000256,2020-09-15,6.59,12.147,87.257,12.25,87.25,11.48,20,29.331,30.0601,29.2909,29.4737,27.5
20200915_prof.nc_76,5057485055545732,2020-09-15 05:24:24.000000256,2020-09-15,6.59,12.147,87.257,12.25,87.25,11.48,30,29.3292,29.9604,29.3146,29.5309,26.8
20200915_prof.nc_76,5057485055545732,2020-09-15 05:24:24.000000256,2020-09-15,6.59,12.147,87.257,12.25,87.25,11.48,50,29.2676,28.6418,29.0047,29.1898,25.0
20200915_prof.nc_76,5057485055545732,2020-09-15 05:24:24.000000256,2020-09-15,6.59,12.147,87.257,12.25,87.25,11.48,75,27.8873,25.3334,27.1648,27.5774,22.5
20200915_prof.nc_76,5057485055545732,2020-09-15 05:24:24.000000256,2020-09-15,6.59,12.147,87.257,12.25,87.25,11.48,100,24.0578,21.6017,24.2346,24.9891,19.8
20200915_prof.nc_76,5057485055545732,2020-09-15 05:24:24.000000256,2020-09-15,6.59,12.147,87.257,12.25,87.25,11.48,125,21.942,18.7863,21.319,21.9188,17.2
20200915_prof.nc_76,5057485055545732,2020-09-15 05:24:24.000000256,2020-09-15,6.59,12.147,87.257,12.25,87.25,11.48,150,19.2567,16.7933,18.6695,19.0547,15.1
20200915_prof.nc_76,5057485055545732,2020-09-15 05:24:24.000000256,2020-09-15,6.59,12.147,87.257,12.25,87.25,11.48,200,15.4076,14.6099,15.0359,15.2565,13.0
20200915_prof.nc_76,5057485055545732,2020-09-15 05:24:24.000000256,2020-09-15,6.59,12.147,87.257,12.25,87.25,11.48,300,12.0933,12.1781,12.0539,11.923,10.5
20200915_prof.nc_76,5057485055545732,2020-09-15 05:24:24.000000256,2020-09-15,6.59,12.147,87.257,12.25,87.25,11.48,500,9.7634,10.6467,10.123,10.0309,8.4
20200915_prof.nc_76,5057485055545732,2020-09-15 05:24:24.000000256,2020-09-15,6.59,12.147,87.257,12.25,87.25,11.48,700,8.3439,9.3037,8.6554,8.5753,7.0
20200915_prof.nc_76,5057485055545732,2020-09-15 05:24:24.000000256,2020-09-15,6.59,12.147,87.257,12.25,87.25,11.48,1000,6.4663,8.2824,6.7441,6.7462,5.2
20200915_prof.nc_81,5057485050515232,2020-09-15 04:31:03,2020-09-15,7.48,12.3,81.2333,12.25,81.25,5.85,5,29.144,30.2848,29.4026,29.4009,28.1
20200915_prof.nc_81,5057485050515232,2020-09-15 04:31:03,2020-09-15,7.48,12.3,81.2333,12.25,81.25,5.85,10,29.1478,30.0558,29.4579,29.4106,27.9
20200915_prof.nc_81,5057485050515232,2020-09-15 04:31:03,2020-09-15,7.48,12.3,81.2333,12.25,81.25,5.85,20,29.1498,29.8482,29.335,29.3789,27.5
20200915_prof.nc_81,5057485050515232,2020-09-15 04:31:03,2020-09-15,7.48,12.3,81.2333,12.25,81.25,5.85,30,29.1599,29.7053,29.369,29.3846,26.8
20200915_prof.nc_81,5057485050515232,2020-09-15 04:31:03,2020-09-15,7.48,12.3,81.2333,12.25,81.25,5.85,50,29.0156,28.3121,28.5234,28.6818,25.0
20200915_prof.nc_81,5057485050515232,2020-09-15 04:31:03,2020-09-15,7.48,12.3,81.2333,12.25,81.25,5.85,75,25.221,24.4867,25.9369,26.5135,22.5
20200915_prof.nc_81,5057485050515232,2020-09-15 04:31:03,2020-09-15,7.48,12.3,81.2333,12.25,81.25,5.85,100,21.5235,20.9091,22.654,23.5408,19.8
20200915_prof.nc_81,5057485050515232,2020-09-15 04:31:03,2020-09-15,7.48,12.3,81.2333,12.25,81.25,5.85,125,18.7556,18.2325,19.5871,20.4468,17.2
20200915_prof.nc_81,5057485050515232,2020-09-15 04:31:03,2020-09-15,7.48,12.3,81.2333,12.25,81.25,5.85,150,16.682,16.3356,17.1888,17.8174,15.1
20200915_prof.nc_81,5057485050515232,2020-09-15 04:31:03,2020-09-15,7.48,12.3,81.2333,12.25,81.25,5.85,200,14.52,14.2469,14.2919,14.5381,13.0
20200915_prof.nc_81,5057485050515232,2020-09-15 04:31:03,2020-09-15,7.48,12.3,81.2333,12.25,81.25,5.85,300,12.1109,11.9261,11.8637,11.7178,10.5
20200915_prof.nc_81,5057485050515232,2020-09-15 04:31:03,2020-09-15,7.48,12.3,81.2333,12.25,81.25,5.85,500,10.2017,10.4558,10.0304,10.0075,8.4
20200915_prof.nc_81,5057485050515232,2020-09-15 04:31:03,2020-09-15,7.48,12.3,81.2333,12.25,81.25,5.85,700,8.7586,9.1375,8.624,8.4837,7.0
20200915_prof.nc_81,5057485050515232,2020-09-15 04:31:03,2020-09-15,7.48,12.3,81.2333,12.25,81.25,5.85,1000,7.115,8.2735,6.7194,6.7006,5.2
20200915_prof.nc_82,5057485050515132,2020-09-15 04:16:56,2020-09-15,7.72,14.3167,86.9167,14.25,87.0,11.64,5,29.7278,30.4518,29.8234,29.6335,28.1
20200915_prof.nc_82,5057485050515132,2020-09-15 04:16:56,2020-09-15,7.72,14.3167,86.9167,14.25,87.0,11.64,10,29.7244,30.2609,29.8532,29.6294,27.9
20200915_prof.nc_82,5057485050515132,2020-09-15 04:16:56,2020-09-15,7.72,14.3167,86.9167,14.25,87.0,11.64,20,29.7299,29.9843,29.8172,29.526,27.5
20200915_prof.nc_82,5057485050515132,2020-09-15 04:16:56,2020-09-15,7.72,14.3167,86.9167,14.25,87.0,11.64,30,29.4774,29.6091,29.8199,29.4309,26.8
20200915_prof.nc_82,5057485050515132,2020-09-15 04:16:56,2020-09-15,7.72,14.3167,86.9167,14.25,87.0,11.64,50,29.035,28.0941,28.5612,28.1641,25.0
20200915_prof.nc_82,5057485050515132,2020-09-15 04:16:56,2020-09-15,7.72,14.3167,86.9167,14.25,87.0,11.64,75,26.435,24.7652,25.256,25.4292,22.5
20200915_prof.nc_82,5057485050515132,2020-09-15 04:16:56,2020-09-15,7.72,14.3167,86.9167,14.25,87.0,11.64,100,22.2355,21.1884,21.8618,22.1142,19.8
20200915_prof.nc_82,5057485050515132,2020-09-15 04:16:56,2020-09-15,7.72,14.3167,86.9167,14.25,87.0,11.64,125,18.7381,18.4198,18.8269,19.2176,17.2
20200915_prof.nc_82,5057485050515132,2020-09-15 04:16:56,2020-09-15,7.72,14.3167,86.9167,14.25,87.0,11.64,150,16.239,16.4272,16.7382,16.977,15.1
20200915_prof.nc_82,5057485050515132,2020-09-15 04:16:56,2020-09-15,7.72,14.3167,86.9167,14.25,87.0,11.64,200,13.5443,14.225,13.8984,14.0992,13.0
20200915_prof.nc_82,5057485050515132,2020-09-15 04:16:56,2020-09-15,7.72,14.3167,86.9167,14.25,87.0,11.64,300,11.5907,11.8628,11.5563,11.6778,10.5
20200915_prof.nc_82,5057485050515132,2020-09-15 04:16:56,2020-09-15,7.72,14.3167,86.9167,14.25,87.0,11.64,500,9.8919,10.4023,9.9409,10.1005,8.4
20200915_prof.nc_82,5057485050515132,2020-09-15 04:16:56,2020-09-15,7.72,14.3167,86.9167,14.25,87.0,11.64,700,8.4657,9.045,8.6644,8.534,7.0
20200915_prof.nc_82,5057485050515132,2020-09-15 04:16:56,2020-09-15,7.72,14.3167,86.9167,14.25,87.0,11.64,1000,6.5961,7.818,6.7127,6.7668,5.2
20200915_prof.nc_83,5057485050515332,2020-09-15 04:14:57.000000256,2020-09-15,7.75,12.5667,91.4167,12.5,91.5,11.69,5,29.6507,30.4158,29.53,29.5593,28.1
20200915_prof.nc_83,5057485050515332,2020-09-15 04:14:57.000000256,2020-09-15,7.75,12.5667,91.4167,12.5,91.5,11.69,10,29.6525,30.2235,29.6379,29.5412,27.9
20200915_prof.nc_83,5057485050515332,2020-09-15 04:14:57.000000256,2020-09-15,7.75,12.5667,91.4167,12.5,91.5,11.69,20,29.6537,29.902,29.499,29.5048,27.5
20200915_prof.nc_83,5057485050515332,2020-09-15 04:14:57.000000256,2020-09-15,7.75,12.5667,91.4167,12.5,91.5,11.69,30,29.656,29.6098,29.3963,29.4924,26.8
20200915_prof.nc_83,5057485050515332,2020-09-15 04:14:57.000000256,2020-09-15,7.75,12.5667,91.4167,12.5,91.5,11.69,50,28.243,28.2186,28.3101,28.5623,25.0
20200915_prof.nc_83,5057485050515332,2020-09-15 04:14:57.000000256,2020-09-15,7.75,12.5667,91.4167,12.5,91.5,11.69,75,25.5007,24.9712,25.7993,26.1125,22.5
20200915_prof.nc_83,5057485050515332,2020-09-15 04:14:57.000000256,2020-09-15,7.75,12.5667,91.4167,12.5,91.5,11.69,100,22.8556,21.4413,22.6927,22.8582,19.8
20200915_prof.nc_83,5057485050515332,2020-09-15 04:14:57.000000256,2020-09-15,7.75,12.5667,91.4167,12.5,91.5,11.69,125,18.895,18.6299,19.7661,19.7628,17.2
20200915_prof.nc_83,5057485050515332,2020-09-15 04:14:57.000000256,2020-09-15,7.75,12.5667,91.4167,12.5,91.5,11.69,150,16.7768,16.5988,17.3723,17.2624,15.1
20200915_prof.nc_83,5057485050515332,2020-09-15 04:14:57.000000256,2020-09-15,7.75,12.5667,91.4167,12.5,91.5,11.69,200,14.1556,14.3099,14.3767,14.1844,13.0
20200915_prof.nc_83,5057485050515332,2020-09-15 04:14:57.000000256,2020-09-15,7.75,12.5667,91.4167,12.5,91.5,11.69,300,11.9136,11.8541,11.9661,11.6035,10.5
20200915_prof.nc_83,5057485050515332,2020-09-15 04:14:57.000000256,2020-09-15,7.75,12.5667,91.4167,12.5,91.5,11.69,500,10.1754,10.224,10.3155,9.9428,8.4
20200915_prof.nc_83,5057485050515332,2020-09-15 04:14:57.000000256,2020-09-15,7.75,12.5667,91.4167,12.5,91.5,11.69,700,8.3981,8.85,8.7447,8.3386,7.0
20200915_prof.nc_83,5057485050515332,2020-09-15 04:14:57.000000256,2020-09-15,7.75,12.5667,91.4167,12.5,91.5,11.69,1000,6.4879,7.6473,6.9218,6.5631,5.2
20200915_prof.nc_84,5057485050515032,2020-09-15 03:57:55,2020-09-15,8.03,10.05,85.9833,10.0,86.0,5.85,5,29.06,30.3579,29.2553,29.0856,28.1
20200915_prof.nc_84,5057485050515032,2020-09-15 03:57:55,2020-09-15,8.03,10.05,85.9833,10.0,86.0,5.85,10,29.063,30.1715,29.1645,29.0797,27.9
20200915_prof.nc_84,5057485050515032,2020-09-15 03:57:55,2020-09-15,8.03,10.05,85.9833,10.0,86.0,5.85,20,29.0628,29.911,29.112,29.0588,27.5
20200915_prof.nc_84,5057485050515032,2020-09-15 03:57:55,2020-09-15,8.03,10.05,85.9833,10.0,86.0,5.85,30,29.035,29.8431,29.0789,29.1404,26.8
20200915_prof.nc_84,5057485050515032,2020-09-15 03:57:55,2020-09-15,8.03,10.05,85.9833,10.0,86.0,5.85,50,28.5316,28.4944,28.7071,28.4667,25.0
20200915_prof.nc_84,5057485050515032,2020-09-15 03:57:55,2020-09-15,8.03,10.05,85.9833,10.0,86.0,5.85,75,26.7426,25.0326,27.1419,26.7426,22.5
20200915_prof.nc_84,5057485050515032,2020-09-15 03:57:55,2020-09-15,8.03,10.05,85.9833,10.0,86.0,5.85,100,23.0315,21.3794,24.6209,24.4696,19.8
20200915_prof.nc_84,5057485050515032,2020-09-15 03:57:55,2020-09-15,8.03,10.05,85.9833,10.0,86.0,5.85,125,21.2756,18.5754,21.717,21.8484,17.2
20200915_prof.nc_84,5057485050515032,2020-09-15 03:57:55,2020-09-15,8.03,10.05,85.9833,10.0,86.0,5.85,150,20.3652,16.6528,19.0705,19.3363,15.1
20200915_prof.nc_84,5057485050515032,2020-09-15 03:57:55,2020-09-15,8.03,10.05,85.9833,10.0,86.0,5.85,200,18.0014,14.6071,15.5071,15.631,13.0
20200915_prof.nc_84,5057485050515032,2020-09-15 03:57:55,2020-09-15,8.03,10.05,85.9833,10.0,86.0,5.85,300,12.8896,12.2703,12.2841,12.3652,10.5
20200915_prof.nc_84,5057485050515032,2020-09-15 03:57:55,2020-09-15,8.03,10.05,85.9833,10.0,86.0,5.85,500,10.4432,10.7826,10.3323,10.4131,8.4
20200915_prof.nc_84,5057485050515032,2020-09-15 03:57:55,2020-09-15,8.03,10.05,85.9833,10.0,86.0,5.85,700,8.8768,9.4693,9.0967,9.1414,7.0
20200915_prof.nc_84,5057485050515032,2020-09-15 03:57:55,2020-09-15,8.03,10.05,85.9833,10.0,86.0,5.85,1000,6.89,8.4705,7.0876,7.2617,5.2
20200925_prof.nc_10,5057485050554932,2020-09-25 22:01:26,2020-09-25,10.02,15.5395,69.4888,15.5,69.5,4.56,5,28.1636,29.6713,27.9722,27.6195,28.1
20200925_prof.nc_10,5057485050554932,2020-09-25 22:01:26,2020-09-25,10.02,15.5395,69.4888,15.5,69.5,4.56,10,28.168,29.4258,27.8183,27.6653,27.9
20200925_prof.nc_10,5057485050554932,2020-09-25 22:01:26,2020-09-25,10.02,15.5395,69.4888,15.5,69.5,4.56,20,28.1301,29.1135,27.4703,27.3839,27.5
20200925_prof.nc_10,5057485050554932,2020-09-25 22:01:26,2020-09-25,10.02,15.5395,69.4888,15.5,69.5,4.56,30,28.0948,28.9677,27.132,27.0581,26.8
20200925_prof.nc_10,5057485050554932,2020-09-25 22:01:26,2020-09-25,10.02,15.5395,69.4888,15.5,69.5,4.56,50,27.4841,27.2749,26.1323,25.9112,25.0
20200925_prof.nc_10,5057485050554932,2020-09-25 22:01:26,2020-09-25,10.02,15.5395,69.4888,15.5,69.5,4.56,75,24.2463,23.6537,24.7452,24.4521,22.5
20200925_prof.nc_10,5057485050554932,2020-09-25 22:01:26,2020-09-25,10.02,15.5395,69.4888,15.5,69.5,4.56,100,22.5396,20.2147,23.0828,23.0404,19.8
20200925_prof.nc_10,5057485050554932,2020-09-25 22:01:26,2020-09-25,10.02,15.5395,69.4888,15.5,69.5,4.56,125,20.6879,17.5996,21.1467,21.1972,17.2
20200925_prof.nc_10,5057485050554932,2020-09-25 22:01:26,2020-09-25,10.02,15.5395,69.4888,15.5,69.5,4.56,150,18.9583,16.2605,19.2301,19.4914,15.1
20200925_prof.nc_10,5057485050554932,2020-09-25 22:01:26,2020-09-25,10.02,15.5395,69.4888,15.5,69.5,4.56,200,15.1287,14.5118,16.7419,17.1171,13.0
20200925_prof.nc_10,5057485050554932,2020-09-25 22:01:26,2020-09-25,10.02,15.5395,69.4888,15.5,69.5,4.56,300,13.1994,12.4528,14.1357,14.5226,10.5
20200925_prof.nc_10,5057485050554932,2020-09-25 22:01:26,2020-09-25,10.02,15.5395,69.4888,15.5,69.5,4.56,500,11.757,11.3599,12.1121,12.3745,8.4
20200925_prof.nc_10,5057485050554932,2020-09-25 22:01:26,2020-09-25,10.02,15.5395,69.4888,15.5,69.5,4.56,700,10.7846,10.1128,10.4344,10.7603,7.0
20200925_prof.nc_10,5057485050554932,2020-09-25 22:01:26,2020-09-25,10.02,15.5395,69.4888,15.5,69.5,4.56,1000,8.3405,9.1489,8.2416,8.5576,5.2
20200925_prof.nc_16,5057485149515332,2020-09-25 20:50:10,2020-09-25,8.84,6.3414,85.7765,6.25,85.75,10.58,5,28.746,30.0541,29.3549,29.3689,28.1
20200925_prof.nc_16,5057485149515332,2020-09-25 20:50:10,2020-09-25,8.84,6.3414,85.7765,6.25,85.75,10.58,10,28.742,29.907,29.2907,29.3982,27.9
20200925_prof.nc_16,5057485149515332,2020-09-25 20:50:10,2020-09-25,8.84,6.3414,85.7765,6.25,85.75,10.58,20,28.749,29.7228,29.3346,29.4357,27.5
20200925_prof.nc_16,5057485149515332,2020-09-25 20:50:10,2020-09-25,8.84,6.3414,85.7765,6.25,85.75,10.58,30,28.739,29.4981,29.4342,29.4918,26.8
20200925_prof.nc_16,5057485149515332,2020-09-25 20:50:10,2020-09-25,8.84,6.3414,85.7765,6.25,85.75,10.58,50,28.314,28.1247,29.0966,28.9239,25.0
20200925_prof.nc_16,5057485149515332,2020-09-25 20:50:10,2020-09-25,8.84,6.3414,85.7765,6.25,85.75,10.58,75,26.811,24.9807,27.146,27.1026,22.5
20200925_prof.nc_16,5057485149515332,2020-09-25 20:50:10,2020-09-25,8.84,6.3414,85.7765,6.25,85.75,10.58,100,24.655,21.4391,24.3101,24.4725,19.8
20200925_prof.nc_16,5057485149515332,2020-09-25 20:50:10,2020-09-25,8.84,6.3414,85.7765,6.25,85.75,10.58,125,22.663,18.5966,21.0294,21.4582,17.2
20200925_prof.nc_16,5057485149515332,2020-09-25 20:50:10,2020-09-25,8.84,6.3414,85.7765,6.25,85.75,10.58,150,18.67,16.5594,18.214,18.6982,15.1
20200925_prof.nc_16,5057485149515332,2020-09-25 20:50:10,2020-09-25,8.84,6.3414,85.7765,6.25,85.75,10.58,200,14.078,14.3895,14.6675,15.1155,13.0
20200925_prof.nc_16,5057485149515332,2020-09-25 20:50:10,2020-09-25,8.84,6.3414,85.7765,6.25,85.75,10.58,300,11.9387,12.0642,12.0231,12.0617,10.5
20200925_prof.nc_16,5057485149515332,2020-09-25 20:50:10,2020-09-25,8.84,6.3414,85.7765,6.25,85.75,10.58,500,9.9692,10.5008,10.2396,10.2935,8.4
20200925_prof.nc_16,5057485149515332,2020-09-25 20:50:10,2020-09-25,8.84,6.3414,85.7765,6.25,85.75,10.58,700,8.368,9.1472,8.7916,8.8704,7.0
20200925_prof.nc_16,5057485149515332,2020-09-25 20:50:10,2020-09-25,8.84,6.3414,85.7765,6.25,85.75,10.58,1000,6.438,8.0493,6.9397,6.9894,5.2
20200925_prof.nc_20,5057485050555432,2020-09-25 19:29:14.999999744,2020-09-25,7.49,20.8061,67.3571,20.75,67.25,12.77,5,29.5485,30.2679,29.3045,29.4454,28.1
20200925_prof.nc_20,5057485050555432,2020-09-25 19:29:14.999999744,2020-09-25,7.49,20.8061,67.3571,20.75,67.25,12.77,10,29.542,29.9952,29.1835,29.2823,27.9
20200925_prof.nc_20,5057485050555432,2020-09-25 19:29:14.999999744,2020-09-25,7.49,20.8061,67.3571,20.75,67.25,12.77,20,29.547,29.4589,28.6555,28.7747,27.5
20200925_prof.nc_20,5057485050555432,2020-09-25 19:29:14.999999744,2020-09-25,7.49,20.8061,67.3571,20.75,67.25,12.77,30,28.8944,28.8838,27.7937,27.9951,26.8
20200925_prof.nc_20,5057485050555432,2020-09-25 19:29:14.999999744,2020-09-25,7.49,20.8061,67.3571,20.75,67.25,12.77,50,24.6874,26.232,25.6908,25.9633,25.0
20200925_prof.nc_20,5057485050555432,2020-09-25 19:29:14.999999744,2020-09-25,7.49,20.8061,67.3571,20.75,67.25,12.77,75,23.4875,23.4978,24.0514,24.1588,22.5
20200925_prof.nc_20,5057485050555432,2020-09-25 19:29:14.999999744,2020-09-25,7.49,20.8061,67.3571,20.75,67.25,12.77,100,22.5804,21.3723,22.6845,22.8474,19.8
20200925_prof.nc_20,5057485050555432,2020-09-25 19:29:14.999999744,2020-09-25,7.49,20.8061,67.3571,20.75,67.25,12.77,125,21.1607,19.1624,21.3363,21.3631,17.2
20200925_prof.nc_20,5057485050555432,2020-09-25 19:29:14.999999744,2020-09-25,7.49,20.8061,67.3571,20.75,67.25,12.77,150,19.7855,17.7396,19.9266,19.8335,15.1
20200925_prof.nc_20,5057485050555432,2020-09-25 19:29:14.999999744,2020-09-25,7.49,20.8061,67.3571,20.75,67.25,12.77,200,18.0897,15.8426,17.8768,17.6675,13.0
20200925_prof.nc_20,5057485050555432,2020-09-25 19:29:14.999999744,2020-09-25,7.49,20.8061,67.3571,20.75,67.25,12.77,300,15.7044,13.4853,15.3812,15.1075,10.5
20200925_prof.nc_20,5057485050555432,2020-09-25 19:29:14.999999744,2020-09-25,7.49,20.8061,67.3571,20.75,67.25,12.77,500,12.8287,12.1816,12.9377,12.8583,8.4
20200925_prof.nc_20,5057485050555432,2020-09-25 19:29:14.999999744,2020-09-25,7.49,20.8061,67.3571,20.75,67.25,12.77,700,11.068,10.8055,11.1703,11.1736,7.0
20200925_prof.nc_20,5057485050555432,2020-09-25 19:29:14.999999744,2020-09-25,7.49,20.8061,67.3571,20.75,67.25,12.77,1000,8.844,9.7245,8.8312,8.8797,5.2
20200925_prof.nc_36,5457485057525132,2020-09-25 14:58:30,2020-09-25,2.98,12.2914,63.5756,12.25,63.5,9.41,5,27.26,29.1572,27.5108,27.1707,28.1
20200925_prof.nc_36,5457485057525132,2020-09-25 14:58:30,2020-09-25,2.98,12.2914,63.5756,12.25,63.5,9.41,10,27.265,28.9291,27.6088,27.1959,27.9
20200925_prof.nc_36,5457485057525132,2020-09-25 14:58:30,2020-09-25,2.98,12.2914,63.5756,12.25,63.5,9.41,20,27.2622,28.6682,27.3471,27.2773,27.5
20200925_prof.nc_36,5457485057525132,2020-09-25 14:58:30,2020-09-25,2.98,12.2914,63.5756,12.25,63.5,9.41,30,27.2168,28.488,27.4513,27.358,26.8
20200925_prof.nc_36,5457485057525132,2020-09-25 14:58:30,2020-09-25,2.98,12.2914,63.5756,12.25,63.5,9.41,50,27.0419,27.1745,27.4222,27.1938,25.0
20200925_prof.nc_36,5457485057525132,2020-09-25 14:58:30,2020-09-25,2.98,12.2914,63.5756,12.25,63.5,9.41,75,26.9221,24.4768,26.9608,26.3763,22.5
20200925_prof.nc_36,5457485057525132,2020-09-25 14:58:30,2020-09-25,2.98,12.2914,63.5756,12.25,63.5,9.41,100,26.0748,21.2682,25.3236,24.9603,19.8
20200925_prof.nc_36,5457485057525132,2020-09-25 14:58:30,2020-09-25,2.98,12.2914,63.5756,12.25,63.5,9.41,125,23.6229,18.7461,23.2582,22.8035,17.2
20200925_prof.nc_36,5457485057525132,2020-09-25 14:58:30,2020-09-25,2.98,12.2914,63.5756,12.25,63.5,9.41,150,22.1053,17.3121,20.8062,20.5693,15.1
20200925_prof.nc_36,5457485057525132,2020-09-25 14:58:30,2020-09-25,2.98,12.2914,63.5756,12.25,63.5,9.41,200,17.8499,15.2128,17.0252,17.2529,13.0
20200925_prof.nc_36,5457485057525132,2020-09-25 14:58:30,2020-09-25,2.98,12.2914,63.5756,12.25,63.5,9.41,300,14.221,12.7117,13.6723,14.1457,10.5
20200925_prof.nc_36,5457485057525132,2020-09-25 14:58:30,2020-09-25,2.98,12.2914,63.5756,12.25,63.5,9.41,500,11.8278,11.8082,11.7542,11.9653,8.4
20200925_prof.nc_36,5457485057525132,2020-09-25 14:58:30,2020-09-25,2.98,12.2914,63.5756,12.25,63.5,9.41,700,10.5962,10.5639,10.1866,10.4795,7.0
20200925_prof.nc_36,5457485057525132,2020-09-25 14:58:30,2020-09-25,2.98,12.2914,63.5756,12.25,63.5,9.41,1000,8.3883,9.5911,8.0987,8.3023,5.2
20200925_prof.nc_41,5057485051574832,2020-09-25 14:13:22,2020-09-25,2.22,16.3468,61.3574,16.25,61.25,15.72,5,27.611,29.1421,27.5204,27.2531,28.1
20200925_prof.nc_41,5057485051574832,2020-09-25 14:13:22,2020-09-25,2.22,16.3468,61.3574,16.25,61.25,15.72,10,27.608,28.8016,27.4074,27.3375,27.9
20200925_prof.nc_41,5057485051574832,2020-09-25 14:13:22,2020-09-25,2.22,16.3468,61.3574,16.25,61.25,15.72,20,27.5626,28.2633,27.2648,27.295,27.5
20200925_prof.nc_41,5057485051574832,2020-09-25 14:13:22,2020-09-25,2.22,16.3468,61.3574,16.25,61.25,15.72,30,27.4351,27.6604,27.1425,27.2939,26.8
20200925_prof.nc_41,5057485051574832,2020-09-25 14:13:22,2020-09-25,2.22,16.3468,61.3574,16.25,61.25,15.72,50,26.0685,25.0162,26.3603,26.5653,25.0
20200925_prof.nc_41,5057485051574832,2020-09-25 14:13:22,2020-09-25,2.22,16.3468,61.3574,16.25,61.25,15.72,75,24.5989,22.6191,24.8525,25.1217,22.5
20200925_prof.nc_41,5057485051574832,2020-09-25 14:13:22,2020-09-25,2.22,16.3468,61.3574,16.25,61.25,15.72,100,22.3673,20.4705,23.005,23.4844,19.8
20200925_prof.nc_41,5057485051574832,2020-09-25 14:13:22,2020-09-25,2.22,16.3468,61.3574,16.25,61.25,15.72,125,20.0681,18.4085,20.9758,21.3888,17.2
20200925_prof.nc_41,5057485051574832,2020-09-25 14:13:22,2020-09-25,2.22,16.3468,61.3574,16.25,61.25,15.72,150,18.665,17.0373,18.9591,19.4301,15.1
20200925_prof.nc_41,5057485051574832,2020-09-25 14:13:22,2020-09-25,2.22,16.3468,61.3574,16.25,61.25,15.72,200,16.7297,15.4777,16.4247,16.6708,13.0
20200925_prof.nc_41,5057485051574832,2020-09-25 14:13:22,2020-09-25,2.22,16.3468,61.3574,16.25,61.25,15.72,300,14.4433,13.2627,13.8295,13.951,10.5
20200925_prof.nc_41,5057485051574832,2020-09-25 14:13:22,2020-09-25,2.22,16.3468,61.3574,16.25,61.25,15.72,500,12.5155,11.983,11.8796,11.867,8.4
20200925_prof.nc_41,5057485051574832,2020-09-25 14:13:22,2020-09-25,2.22,16.3468,61.3574,16.25,61.25,15.72,700,11.041,10.6284,10.4527,10.4,7.0
20200925_prof.nc_41,5057485051574832,2020-09-25 14:13:22,2020-09-25,2.22,16.3468,61.3574,16.25,61.25,15.72,1000,9.1168,9.5727,8.3164,8.2813,5.2
20200925_prof.nc_43,5057485050565332,2020-09-25 14:06:00,2020-09-25,2.1,15.6,82.226,15.5,82.25,11.41,5,29.382,30.1894,29.3934,29.5186,28.1
20200925_prof.nc_43,5057485050565332,2020-09-25 14:06:00,2020-09-25,2.1,15.6,82.226,15.5,82.25,11.41,10,29.385,29.9758,29.4817,29.4521,27.9
20200925_prof.nc_43,5057485050565332,2020-09-25 14:06:00,2020-09-25,2.1,15.6,82.226,15.5,82.25,11.41,20,29.3805,29.6595,29.5601,29.4232,27.5
20200925_prof.nc_43,5057485050565332,2020-09-25 14:06:00,2020-09-25,2.1,15.6,82.226,15.5,82.25,11.41,30,29.3425,29.3959,29.4318,29.2176,26.8
20200925_prof.nc_43,5057485050565332,2020-09-25 14:06:00,2020-09-25,2.1,15.6,82.226,15.5,82.25,11.41,50,28.115,27.6647,27.6454,27.6535,25.0
20200925_prof.nc_43,5057485050565332,2020-09-25 14:06:00,2020-09-25,2.1,15.6,82.226,15.5,82.25,11.41,75,23.7651,24.0915,23.7263,24.6154,22.5
20200925_prof.nc_43,5057485050565332,2020-09-25 14:06:00,2020-09-25,2.1,15.6,82.226,15.5,82.25,11.41,100,20.397,20.5051,20.2536,21.173,19.8
20200925_prof.nc_43,5057485050565332,2020-09-25 14:06:00,2020-09-25,2.1,15.6,82.226,15.5,82.25,11.41,125,18.343,17.8324,17.4752,18.2461,17.2
20200925_prof.nc_43,5057485050565332,2020-09-25 14:06:00,2020-09-25,2.1,15.6,82.226,15.5,82.25,11.41,150,16.8156,15.9401,15.7226,16.19,15.1
20200925_prof.nc_43,5057485050565332,2020-09-25 14:06:00,2020-09-25,2.1,15.6,82.226,15.5,82.25,11.41,200,14.4743,13.5836,13.4362,13.6345,13.0
20200925_prof.nc_43,5057485050565332,2020-09-25 14:06:00,2020-09-25,2.1,15.6,82.226,15.5,82.25,11.41,300,12.0789,11.3079,11.2281,11.4691,10.5
20200925_prof.nc_43,5057485050565332,2020-09-25 14:06:00,2020-09-25,2.1,15.6,82.226,15.5,82.25,11.41,500,10.1904,9.9873,9.8505,9.8107,8.4
20200925_prof.nc_43,5057485050565332,2020-09-25 14:06:00,2020-09-25,2.1,15.6,82.226,15.5,82.25,11.41,700,8.7576,8.6698,8.5921,8.3873,7.0
20200925_prof.nc_43,5057485050565332,2020-09-25 14:06:00,2020-09-25,2.1,15.6,82.226,15.5,82.25,11.41,1000,6.8982,7.6172,6.767,6.5094,5.2
20200925_prof.nc_62,5057484956575332,2020-09-25 09:21:57.000000256,2020-09-25,2.63,8.008,89.936,8.0,90.0,7.1,5,28.847,30.0112,28.9743,28.9697,28.1
20200925_prof.nc_62,5057484956575332,2020-09-25 09:21:57.000000256,2020-09-25,2.63,8.008,89.936,8.0,90.0,7.1,10,28.848,29.8078,29.0523,28.978,27.9
20200925_prof.nc_62,5057484956575332,2020-09-25 09:21:57.000000256,2020-09-25,2.63,8.008,89.936,8.0,90.0,7.1,20,28.842,29.5632,28.9323,28.9302,27.5
20200925_prof.nc_62,5057484956575332,2020-09-25 09:21:57.000000256,2020-09-25,2.63,8.008,89.936,8.0,90.0,7.1,30,28.842,29.4297,28.9976,28.9991,26.8
20200925_prof.nc_62,5057484956575332,2020-09-25 09:21:57.000000256,2020-09-25,2.63,8.008,89.936,8.0,90.0,7.1,50,28.568,28.1797,28.1224,28.2203,25.0
20200925_prof.nc_62,5057484956575332,2020-09-25 09:21:57.000000256,2020-09-25,2.63,8.008,89.936,8.0,90.0,7.1,75,25.6194,24.8063,25.3103,25.8664,22.5
20200925_prof.nc_62,5057484956575332,2020-09-25 09:21:57.000000256,2020-09-25,2.63,8.008,89.936,8.0,90.0,7.1,100,22.55,21.0823,21.8172,22.7557,19.8
20200925_prof.nc_62,5057484956575332,2020-09-25 09:21:57.000000256,2020-09-25,2.63,8.008,89.936,8.0,90.0,7.1,125,19.864,18.185,18.8363,19.7346,17.2
20200925_prof.nc_62,5057484956575332,2020-09-25 09:21:57.000000256,2020-09-25,2.63,8.008,89.936,8.0,90.0,7.1,150,16.4014,16.2717,16.5995,17.2865,15.1
20200925_prof.nc_62,5057484956575332,2020-09-25 09:21:57.000000256,2020-09-25,2.63,8.008,89.936,8.0,90.0,7.1,200,13.779,14.2198,13.991,14.2252,13.0
20200925_prof.nc_62,5057484956575332,2020-09-25 09:21:57.000000256,2020-09-25,2.63,8.008,89.936,8.0,90.0,7.1,300,11.452,11.9022,11.7179,11.6218,10.5
20200925_prof.nc_62,5057484956575332,2020-09-25 09:21:57.000000256,2020-09-25,2.63,8.008,89.936,8.0,90.0,7.1,500,9.978,10.3417,10.0282,9.9924,8.4
20200925_prof.nc_62,5057484956575332,2020-09-25 09:21:57.000000256,2020-09-25,2.63,8.008,89.936,8.0,90.0,7.1,700,8.61,8.9995,8.6996,8.495,7.0
20200925_prof.nc_62,5057484956575332,2020-09-25 09:21:57.000000256,2020-09-25,2.63,8.008,89.936,8.0,90.0,7.1,1000,6.6176,7.8346,6.7479,6.7425,5.2
20200925_prof.nc_63,5057484956575232,2020-09-25 09:13:32,2020-09-25,2.77,6.165,90.573,6.25,90.5,12.43,5,28.9832,30.2228,29.1695,29.2824,28.1
20200925_prof.nc_63,5057484956575232,2020-09-25 09:13:32,2020-09-25,2.77,6.165,90.573,6.25,90.5,12.43,10,28.883,30.1033,29.064,29.3199,27.9
20200925_prof.nc_63,5057484956575232,2020-09-25 09:13:32,2020-09-25,2.77,6.165,90.573,6.25,90.5,12.43,20,28.862,30.0173,29.0329,29.4231,27.5
20200925_prof.nc_63,5057484956575232,2020-09-25 09:13:32,2020-09-25,2.77,6.165,90.573,6.25,90.5,12.43,30,28.833,29.9766,29.0949,29.5275,26.8
20200925_prof.nc_63,5057484956575232,2020-09-25 09:13:32,2020-09-25,2.77,6.165,90.573,6.25,90.5,12.43,50,28.831,28.6724,29.1012,29.2419,25.0
20200925_prof.nc_63,5057484956575232,2020-09-25 09:13:32,2020-09-25,2.77,6.165,90.573,6.25,90.5,12.43,75,28.7995,25.4144,27.7392,27.8902,22.5
20200925_prof.nc_63,5057484956575232,2020-09-25 09:13:32,2020-09-25,2.77,6.165,90.573,6.25,90.5,12.43,100,26.988,21.4685,25.0462,25.5783,19.8
20200925_prof.nc_63,5057484956575232,2020-09-25 09:13:32,2020-09-25,2.77,6.165,90.573,6.25,90.5,12.43,125,22.6081,18.4794,21.9158,22.5257,17.2
20200925_prof.nc_63,5057484956575232,2020-09-25 09:13:32,2020-09-25,2.77,6.165,90.573,6.25,90.5,12.43,150,16.568,16.4821,18.9494,19.5552,15.1
20200925_prof.nc_63,5057484956575232,2020-09-25 09:13:32,2020-09-25,2.77,6.165,90.573,6.25,90.5,12.43,200,13.696,14.3566,15.2374,15.5868,13.0
20200925_prof.nc_63,5057484956575232,2020-09-25 09:13:32,2020-09-25,2.77,6.165,90.573,6.25,90.5,12.43,300,11.968,12.0895,12.2989,12.2302,10.5
20200925_prof.nc_63,5057484956575232,2020-09-25 09:13:32,2020-09-25,2.77,6.165,90.573,6.25,90.5,12.43,500,10.189,10.5256,10.39,10.3445,8.4
20200925_prof.nc_63,5057484956575232,2020-09-25 09:13:32,2020-09-25,2.77,6.165,90.573,6.25,90.5,12.43,700,8.573,9.1529,8.8444,8.9423,7.0
20200925_prof.nc_63,5057484956575232,2020-09-25 09:13:32,2020-09-25,2.77,6.165,90.573,6.25,90.5,12.43,1000,6.7702,8.1552,6.9766,7.064,5.2
